12,23,0.44242586197063904,38,0.26857108354338494,0.331202838162834,0.4771632790246394,2,0.1,0.12505626528838198,12,"{0: [], 1: [L, L, L, L, L, L, L, L, L, L, L, L, K, J, I, A, G], 2: [F, K, J], 3: [I, J, F, K], 4: [K, I, F, J], 5: [F, J, K, I], 6: [F, K, J], 7: [K, J, F], 8: [J, K], 9: [K, J], 10: [J], 11: []}","{0: [], 1: [(E, L), (F, L), (C, L), (D, L), (B, L), (H, L)], 2: [(A, L), (G, L), (I, L)], 3: [], 4: [], 5: [], 6: [], 7: [], 8: [], 9: [], 10: [], 11: []}","{1: [A, B, C, D, E, F, G, H, I, J, K, L], 2: [L, E, K, F, C, D, J, B, I, A, G, H], 3: [A, G, E, F, I, D, C, K, H, L, J, B], 4: [E, A, H, B, I, J, F, L, D, C, K, G], 5: [D, G, K, A, I, L, E, F, C, B, J, H], 6: [F, L, J, C, G, K, H, I, B, E, D, A], 7: [D, G, F, K, B, H, J, A, L, I, E, C], 8: [G, K, J, E, F, C, B, D, A, I, L, H], 9: [C, D, J, A, G, F, L, E, K, B, H, I], 10: [B, K, D, I, F, H, L, G, J, A, C, E], 11: [D, H, I, A, K, L, B, F, J, E, G, C]}"
7,14,0.6461791630179119,49,0.18236750691582648,0.42887386998279764,0.3034195441097606,2,0.1,0.28376439026747063,12,"{0: [], 1: [G, G, G, G, G, G, G, G, E], 2: [G, G, G, G, G, G, G, G, G, G, G, G, E, G], 3: [E], 4: [E], 5: [E], 6: [E], 7: [E], 8: [E], 9: [], 10: [], 11: []}","{0: [], 1: [(C, G), (D, G), (B, G), (A, G), (F, G)], 2: [], 3: [], 4: [], 5: [], 6: [], 7: [], 8: [], 9: [], 10: [], 11: []}","{1: [A, B, C, D, E, F, G], 2: [C, D, B, G, A, F, E], 3: [A, B, G, D, F, E, C], 4: [D, G, E, B, A, C, F], 5: [G, B, F, E, A, C, D], 6: [C, F, A, G, D, E, B], 7: [E, G, C, F, D, B, A], 8: [E, G, F, D, B, A, C], 9: [C, E, B, D, F, A, G], 10: [B, E, G, A, C, D, F], 11: [A, G, B, C, F, E, D]}"
9,21,0.3546935543999874,45,0.29791362964473084,0.44240269025508283,0.14853409993435762,1,0.1,0.13806122347876287,12,"{0: [], 1: [I, I, I, I, I, I, I, I, I, I, I, I, I, H], 2: [I, I, I, I, I, I, I, I, I, I, I, I, I, I, I], 3: []}","{0: [], 1: [(D, I), (G, I), (C, I), (F, I), (B, I), (A, I), (E, I)], 2: [(H, I)], 3: []}","{1: [A, B, C, D, E, F, G, H, I], 2: [I, D, G, C, F, B, A, E, H], 3: [B, D, G, F, A, H, E, I, C]}"
13,28,0.7011518795056435,64,0.06277122115221594,0.4681047706379692,0.32124245697172765,2,0.1,0.11231818916810071,11,"{0: [], 1: [C, I, F, B, M, M, M, M, M, M, M, M, M, M, M, M, M, M, M, M], 2: [F], 3: [F], 4: [F], 5: [F], 6: [F], 7: [F], 8: [F], 9: [], 10: [F], 11: []}","{0: [], 1: [(A, M), (D, M), (E, M), (G, M), (H, M), (J, M), (K, M), (L, M)], 2: [(I, M), (C, M), (B, M)], 3: [], 4: [], 5: [], 6: [], 7: [], 8: [], 9: [], 10: [], 11: []}","{1: [A, B, C, D, E, F, G, H, I, J, K, L, M], 2: [C, A, D, E, G, H, J, K, L, I, F, B, M], 3: [L, A, I, J, C, K, B, H, F, E, G, M, D], 4: [M, H, I, J, K, D, L, E, A, G, F, C, B], 5: [M, J, L, H, D, C, B, G, A, K, I, F, E], 6: [I, M, F, A, H, B, L, C, E, G, J, D, K], 7: [C, A, I, J, B, E, D, G, H, F, K, M, L], 8: [L, D, M, G, J, E, K, C, F, A, B, I, H], 9: [H, M, C, L, A, D, J, K, I, E, G, B, F], 10: [L, B, J, M, A, F, E, G, I, C, D, H, K], 11: [C, G, B, E, I, D, J, A, M, F, L, K, H]}"
6,21,0.4257530345477314,48,0.11901876362617438,0.11010042757967127,0.325344450072686,2,0.1,0.321848567511567,17,"{0: [], 1: [C, F, F, F, F, F, F, F, F, F, F, F, F, F, F, F, F, A], 2: [C, A], 3: [A, C], 4: [A, C], 5: [A, C], 6: [C], 7: [C], 8: [], 9: [], 10: [], 11: []}","{0: [], 1: [(B, F), (D, F), (E, F)], 2: [], 3: [], 4: [], 5: [], 6: [], 7: [], 8: [], 9: [], 10: [], 11: []}","{1: [A, B, C, D, E, F], 2: [C, B, D, F, E, A], 3: [E, C, B, D, A, F], 4: [A, F, E, C, B, D], 5: [A, E, B, F, D, C], 6: [D, A, C, F, E, B], 7: [A, F, D, E, B, C], 8: [E, A, B, D, C, F], 9: [C, E, A, F, D, B], 10: [C, E, A, B, F, D], 11: [B, D, F, C, E, A]}"
4,23,0.5887840193388403,46,0.14128014765620833,0.145086709169284,0.45432443630474917,2,0.1,0.4537834522171474,7,"{0: [], 1: [D, D, D, D, D, D, D, D, D, D, D, D, D, D, D, D, D, D, D, D, C, A, B], 2: [C, B, A], 3: [A, C, B], 4: [C, B, A], 5: [C, A, B], 6: [C], 7: [], 8: [], 9: [], 10: [C], 11: []}","{0: [], 1: [], 2: [], 3: [], 4: [], 5: [], 6: [], 7: [], 8: [], 9: [], 10: [], 11: []}","{1: [A, B, C, D], 2: [D, C, A, B], 3: [C, B, A, D], 4: [A, D, C, B], 5: [C, B, D, A], 6: [D, C, A, B], 7: [A, C, B, D], 8: [C, D, B, A], 9: [A, D, C, B], 10: [C, B, D, A], 11: [C, B, A, D]}"
13,15,0.7220241904763964,57,0.10538714790710686,0.4285415107151517,0.4642238737824643,2,0.1,0.08828399596703151,12,"{0: [], 1: [M, M, M], 2: [M, M, M, M, M, M, M, M, M, M], 3: [M, M, M, M], 4: [], 5: []}","{0: [], 1: [(B, M), (I, M), (F, M), (C, M), (L, M), (E, M), (H, M), (J, M), (G, M), (D, M), (A, M), (K, M)], 2: [(A, M), (H, M), (I, M), (K, M)], 3: [(H, M), (K, M)], 4: [(K, M)], 5: []}","{1: [A, B, C, D, E, F, G, H, I, J, K, L, M], 2: [B, M, I, F, C, L, E, H, J, G, D, A, K], 3: [J, A, E, B, M, C, D, L, H, F, I, K, G], 4: [H, K, G, I, J, D, C, M, F, A, L, E, B], 5: [H, D, E, I, F, C, L, J, G, M, K, A, B]}"
15,17,0.6186386473456865,46,0.07063984918294054,0.43993609097012454,0.1949480234899705,2,0.1,0.40164109249539226,16,"{0: [], 1: [D, O, O, O, N, H, F], 2: [O, O, O, O, O, O, O, N, D, O, H, N, O], 3: [H, N, O, O, O, O, O, O, O, O, O, O, D], 4: [], 5: [H], 6: [H], 7: [], 8: [D, H], 9: [D], 10: [], 11: []}","{0: [], 1: [(J, O), (I, O), (C, O), (K, N), (N, O), (G, N), (L, O), (B, O), (M, O), (E, O), (A, O)], 2: [(I, O), (B, O), (N, O), (F, O)], 3: [(N, O)], 4: [], 5: [], 6: [], 7: [], 8: [], 9: [], 10: [], 11: []}","{1: [A, B, C, D, E, F, G, H, I, J, K, L, M, N, O], 2: [D, O, J, I, C, K, N, G, L, B, M, E, H, A, F], 3: [M, I, A, E, C, O, K, D, L, B, N, H, F, G, J], 4: [H, G, A, E, O, C, K, M, B, I, L, J, F, D, N], 5: [D, C, L, O, B, A, J, F, N, K, E, I, G, H, M], 6: [O, M, K, I, H, D, G, A, L, B, J, C, F, E, N], 7: [D, F, O, E, H, C, N, I, J, A, G, B, L, K, M], 8: [D, K, B, A, M, G, N, L, C, H, E, F, J, I, O], 9: [G, I, D, M, B, A, K, J, C, E, N, H, O, F, L], 10: [M, N, E, B, H, G, O, F, K, I, C, A, D, L, J], 11: [C, G, J, K, F, N, H, O, I, E, A, B, D, M, L]}"
14,21,0.6720501387444473,32,0.2082981581247037,0.4621592691601787,0.24928136201491213,1,0.1,0.3769071543215621,11,"{0: [], 1: [N, N, N, N, N, N, N, N, F, E, G], 2: [F, E, N], 3: [F, E], 4: [F, E], 5: [F, E], 6: [E, F], 7: [F, E], 8: [F], 9: [F], 10: [], 11: [N, N, N, N, N, N, N, F]}","{0: [], 1: [(M, N), (K, N), (A, N), (I, N), (D, N), (B, N), (L, N), (H, N), (C, N), (J, N)], 2: [(L, N), (H, N), (G, N)], 3: [], 4: [], 5: [], 6: [], 7: [], 8: [], 9: [], 10: [], 11: []}","{1: [A, B, C, D, E, F, G, H, I, J, K, L, M, N], 2: [M, K, A, I, N, D, B, L, F, H, C, J, E, G], 3: [M, L, A, F, J, E, N, B, D, K, H, C, I, G], 4: [J, F, H, G, B, N, A, L, I, D, E, C, M, K], 5: [L, I, F, E, G, B, A, M, H, D, J, C, K, N], 6: [I, A, F, K, L, M, J, B, H, G, E, D, C, N], 7: [G, E, M, N, J, B, H, D, A, C, F, I, L, K], 8: [H, G, A, B, L, F, E, C, M, K, J, I, D, N], 9: [A, J, M, N, K, F, C, L, E, H, D, G, B, I], 10: [I, D, E, N, K, C, B, F, G, L, A, J, M, H], 11: [E, B, I, H, A, C, L, F, G, M, N, J, K, D]}"
8,21,0.536896581328128,61,0.2300457341601873,0.3408825403507463,0.24115583654484302,1,0.1,0.4573023850257235,10,"{0: [], 1: [H, H, H, H, H, H, H, H, H, H, H, H, H, H], 2: []}","{0: [], 1: [(F, H), (D, H), (G, H), (E, H), (A, H), (B, H), (C, H)], 2: []}","{1: [A, B, C, D, E, F, G, H], 2: [F, D, H, G, E, A, B, C]}"
10,25,0.21569040786943677,47,0.1341741885642072,0.11998192913660324,0.3633296596692678,1,0.1,0.09598324963766952,8,"{0: [], 1: [H, J, J, J, J, J, J, J, J, J, J, J, J, J, J, J, J], 2: [H], 3: [H], 4: [H], 5: [H], 6: [H], 7: [H], 8: [H], 9: [H], 10: [], 11: []}","{0: [], 1: [(G, J), (D, J), (A, J), (E, J), (F, J), (C, J), (B, J), (I, J)], 2: [(E, J), (A, J)], 3: [], 4: [], 5: [], 6: [], 7: [], 8: [], 9: [], 10: [], 11: []}","{1: [A, B, C, D, E, F, G, H, I, J], 2: [G, D, A, H, E, F, J, C, B, I], 3: [D, B, G, E, I, F, C, A, H, J], 4: [J, G, H, E, I, B, D, C, F, A], 5: [F, B, A, J, G, E, D, I, C, H], 6: [A, C, D, F, H, I, J, E, G, B], 7: [J, H, C, I, F, E, G, B, D, A], 8: [H, E, B, D, I, F, C, J, G, A], 9: [D, H, F, E, A, I, G, B, J, C], 10: [G, E, H, J, B, A, I, C, F, D], 11: [G, B, E, C, H, F, I, J, D, A]}"
13,21,0.4829013231673897,46,0.17472740486567928,0.22186724896077994,0.16121754802945507,3,0.1,0.029582831985311087,14,"{0: [], 1: [M, M, M, M, M, M, M, M, M], 2: [M, M, M, M], 3: [M, M, M, M]}","{0: [], 1: [(I, M), (K, M), (J, M), (B, M), (E, M), (G, M), (A, M), (C, M), (L, M), (D, M), (F, M), (H, M)], 2: [(K, M), (I, M)], 3: []}","{1: [A, B, C, D, E, F, G, H, I, J, K, L, M], 2: [I, K, J, B, E, G, M, A, C, L, D, F, H], 3: [M, G, K, J, C, E, I, F, B, H, D, L, A]}"
7,21,0.6695615748872512,34,0.24245843319344157,0.45611237381853587,0.11823002854419765,1,0.1,0.2114424453068297,14,"{0: [], 1: [D, G, G, G, G, G, G, G, G, G, G, G, G, G, G, G, C], 2: [D, C], 3: [D, C], 4: [C, D], 5: [C, D], 6: [C, D], 7: [C, D], 8: [C, D], 9: [C], 10: [], 11: []}","{0: [], 1: [(E, G), (F, G), (A, G), (B, G)], 2: [], 3: [], 4: [], 5: [], 6: [], 7: [], 8: [], 9: [], 10: [], 11: []}","{1: [A, B, C, D, E, F, G], 2: [D, G, E, C, F, A, B], 3: [A, G, F, D, B, C, E], 4: [A, E, D, G, C, F, B], 5: [F, B, A, G, E, C, D], 6: [G, B, C, D, E, F, A], 7: [F, E, C, G, D, A, B], 8: [F, C, E, A, B, D, G], 9: [C, B, F, A, E, G, D], 10: [B, A, F, D, C, G, E], 11: [A, B, E, G, C, D, F]}"
11,21,0.594657619885784,46,0.2985747288516926,0.3798128582093935,0.4199375811801903,3,0.1,0.07425836182169426,9,"{0: [], 1: [D, K, K, K, K, K, K, K, K, K, K, K, F, I], 2: [K, K, D, I, F], 3: [F, D, I], 4: [D, I], 5: [D, I], 6: [D, I], 7: [D, I], 8: [D, I], 9: [D], 10: [D], 11: []}","{0: [], 1: [(C, K), (E, K), (G, K), (J, K), (H, K), (A, K), (B, K)], 2: [(H, K)], 3: [], 4: [], 5: [], 6: [], 7: [], 8: [], 9: [], 10: [], 11: [(F, K)]}","{1: [A, B, C, D, E, F, G, H, I, J, K], 2: [C, E, G, J, H, A, D, K, F, I, B], 3: [H, G, E, A, C, K, B, J, D, I, F], 4: [F, E, B, G, D, C, I, H, K, A, J], 5: [D, G, K, J, A, C, H, I, E, F, B], 6: [H, J, D, A, K, F, B, E, G, I, C], 7: [H, B, D, A, F, K, E, C, J, G, I], 8: [F, J, G, B, E, D, K, A, I, H, C], 9: [C, D, J, G, F, A, I, H, E, K, B], 10: [B, G, H, A, D, I, E, J, F, C, K], 11: [J, E, K, D, A, B, F, H, C, I, G]}"
3,21,0.3730628442460108,42,0.20116870029058043,0.37790733811783805,0.23607271038461275,1,0.1,0.2758959155009648,10,"{0: [], 1: [A, B, C, C, C, C, C, C, C, C, C, C, C, C, C, C, C, C, C, C, C], 2: [B, C, C, C, C, C, C, C, C, C, A], 3: [], 4: [], 5: [], 6: [], 7: [], 8: [B], 9: [B], 10: [A], 11: []}","{0: [], 1: [], 2: [], 3: [], 4: [], 5: [], 6: [], 7: [], 8: [], 9: [], 10: [], 11: []}","{1: [A, B, C], 2: [A, B, C], 3: [B, C, A], 4: [C, B, A], 5: [C, A, B], 6: [A, B, C], 7: [C, B, A], 8: [A, C, B], 9: [C, B, A], 10: [B, C, A], 11: [A, B, C]}"
7,23,0.6179753542120723,44,0.26081747117103815,0.459593089653322,0.11396465322447674,2,0.1,0.3839993218037856,10,"{0: [], 1: [C, A, G, G, G, G, G, G, G, G, G, G, G, G, G, G, G, G, G, B], 2: [A, B, C], 3: [C, A, B], 4: [A, C, B], 5: [C, B], 6: [C], 7: [], 8: [], 9: [], 10: [], 11: [A]}","{0: [], 1: [(E, G), (D, G), (F, G)], 2: [], 3: [], 4: [], 5: [], 6: [], 7: [], 8: [], 9: [], 10: [], 11: []}","{1: [A, B, C, D, E, F, G], 2: [C, E, D, F, A, G, B], 3: [A, E, B, D, G, F, C], 4: [D, F, C, G, E, A, B], 5: [D, G, A, C, F, E, B], 6: [G, E, C, F, D, A, B], 7: [B, C, A, E, G, F, D], 8: [E, C, F, A, G, D, B], 9: [G, A, C, F, D, E, B], 10: [A, C, G, F, D, E, B], 11: [C, G, E, D, B, A, F]}"
10,19,0.612330357382573,44,0.15864984778809088,0.163683654585466,0.28610931729427247,2,0.1,0.37950659777225537,9,"{0: [], 1: [F, J, J, J, J, J, J, J, J, J, J], 2: [J, J, J, J, J, J, J, J, J, J, F, J], 3: [], 4: [F], 5: [F], 6: [], 7: [F], 8: [], 9: [], 10: [], 11: []}","{0: [], 1: [(E, J), (B, J), (C, J), (H, J), (D, J), (A, J), (I, J), (G, J)], 2: [(A, J)], 3: [], 4: [], 5: [], 6: [], 7: [], 8: [], 9: [], 10: [], 11: []}","{1: [A, B, C, D, E, F, G, H, I, J], 2: [E, B, C, F, H, D, A, I, G, J], 3: [B, G, J, D, C, F, H, E, A, I], 4: [A, B, H, E, D, I, G, F, C, J], 5: [D, G, I, B, A, C, F, J, H, E], 6: [F, J, D, C, H, G, I, E, A, B], 7: [A, F, I, G, H, J, C, E, D, B], 8: [D, G, E, I, B, F, J, C, A, H], 9: [A, G, B, F, J, I, E, C, H, D], 10: [H, B, D, I, C, G, F, E, J, A], 11: [F, E, J, H, I, C, A, G, B, D]}"
10,14,0.563638259401088,43,0.2951209607451207,0.4636277700631647,0.14651746827397152,2,0.1,0.06057428491263822,4,"{0: [], 1: [J, J, J, J, J], 2: [J, J, J, J, J, J, J, J], 3: [I], 4: [I], 5: [I], 6: [I], 7: [], 8: [], 9: [], 10: [], 11: []}","{0: [], 1: [(B, J), (F, J), (D, J), (E, J), (G, J), (I, J), (H, J), (A, J), (C, J)], 2: [(I, J), (H, J)], 3: [], 4: [], 5: [], 6: [], 7: [], 8: [], 9: [], 10: [], 11: []}","{1: [A, B, C, D, E, F, G, H, I, J], 2: [B, F, D, E, J, G, I, H, A, C], 3: [F, C, A, J, G, D, B, I, E, H], 4: [I, D, H, J, C, B, G, F, E, A], 5: [B, I, F, J, G, D, H, A, C, E], 6: [G, J, B, A, H, D, C, I, F, E], 7: [F, A, I, C, G, D, J, B, H, E], 8: [J, G, B, I, H, C, E, D, A, F], 9: [E, A, J, I, B, C, F, D, G, H], 10: [G, D, C, E, B, A, H, J, I, F], 11: [F, B, H, J, A, E, G, I, C, D]}"
6,16,0.4707577404590165,43,0.27277745049112584,0.13804999049032762,0.4531752426261758,1,0.1,0.0667987128593131,18,"{0: [], 1: [E, D, F, F, F, F, F, F, F, F, F, F, F], 2: [F, F, F, F, F, F, F, F, D, E, F], 3: [E, D], 4: [D, E], 5: [D], 6: [], 7: [], 8: [], 9: [], 10: [], 11: []}","{0: [], 1: [(C, F), (A, F), (B, F)], 2: [(C, F)], 3: [], 4: [], 5: [], 6: [], 7: [], 8: [], 9: [], 10: [], 11: []}","{1: [A, B, C, D, E, F], 2: [E, D, F, C, A, B], 3: [B, F, D, E, C, A], 4: [A, E, B, C, D, F], 5: [F, C, D, B, E, A], 6: [D, B, C, A, E, F], 7: [C, F, E, B, A, D], 8: [E, A, F, B, D, C], 9: [C, D, E, F, B, A], 10: [F, D, C, A, B, E], 11: [C, D, F, A, B, E]}"
9,20,0.40795181682723797,43,0.27946441947436335,0.40168013311969575,0.4147345140848523,2,0.1,0.17878263277406065,14,"{0: [], 1: [I, I, I, I, I, I, I, I, I, I, I, I], 2: [I, I, I, I, I, I, I, I, I, I, I, I, I, I, I, I, I, I, I, I]}","{0: [], 1: [(E, I), (B, I), (D, I), (H, I), (F, I), (A, I), (G, I), (C, I)], 2: []}","{1: [A, B, C, D, E, F, G, H, I], 2: [E, B, D, I, H, F, A, G, C]}"
7,18,0.20826377406117205,40,0.27559249809332637,0.27813625036082557,0.3772148626667152,1,0.1,0.38253291905517683,11,"{0: [], 1: [G, G, G, G, G, G, G, G, G, G, G, G, F], 2: [G, G, G, F, G, G, G, G, G, G, G, G, G, G, G, G], 3: [], 4: [F], 5: [F], 6: [], 7: [F], 8: [F], 9: [], 10: [], 11: []}","{0: [], 1: [(B, G), (D, G), (C, G), (E, G), (A, G)], 2: [], 3: [], 4: [], 5: [], 6: [], 7: [], 8: [], 9: [], 10: [], 11: []}","{1: [A, B, C, D, E, F, G], 2: [G, B, D, C, F, E, A], 3: [A, B, E, D, F, G, C], 4: [E, D, C, G, F, A, B], 5: [E, F, A, D, B, G, C], 6: [C, B, A, D, G, E, F], 7: [G, E, D, F, B, C, A], 8: [D, B, G, C, F, A, E], 9: [C, B, A, D, F, G, E], 10: [C, E, F, G, D, B, A], 11: [G, D, F, B, C, E, A]}"
17,22,0.4235195443698856,41,0.19072730766629403,0.4753628003163147,0.3146145108497067,2,0.1,0.3755971106234109,8,"{0: [], 1: [Q, Q, Q, Q, Q, Q], 2: [Q, Q, Q, Q, Q, Q, Q, Q, Q], 3: [Q, Q, Q]}","{0: [], 1: [(I, Q), (N, Q), (F, Q), (L, Q), (M, Q), (H, Q), (J, Q), (O, Q), (E, Q), (P, Q), (G, Q), (C, Q), (D, Q), (A, Q), (K, Q), (B, Q)], 2: [(A, Q), (N, Q)], 3: []}","{1: [A, B, C, D, E, F, G, H, I, J, K, L, M, N, O, P, Q], 2: [I, N, F, L, M, Q, H, J, O, E, P, G, C, D, A, K, B], 3: [A, D, E, P, L, O, F, G, C, I, H, K, N, J, Q, M, B]}"
10,13,0.4843829101288639,44,0.2751659278403545,0.3097631403344363,0.10325622768124539,1,0.1,0.493340464826186,13,"{0: [], 1: [I, J, J, J, J], 2: [J, J, I, J], 3: [J], 4: [J], 5: [J], 6: [J], 7: [], 8: [], 9: [], 10: [], 11: []}","{0: [], 1: [(E, J), (H, J), (B, J), (F, J), (C, J), (I, J), (A, J), (D, I), (G, J)], 2: [(G, J), (H, J), (I, J)], 3: [], 4: [], 5: [], 6: [], 7: [], 8: [], 9: [], 10: [], 11: []}","{1: [A, B, C, D, E, F, G, H, I, J], 2: [E, H, B, F, C, I, A, D, J, G], 3: [J, G, C, H, I, A, B, E, D, F], 4: [G, E, H, D, J, I, F, C, A, B], 5: [A, J, G, F, C, E, D, H, B, I], 6: [H, B, J, D, A, C, E, F, I, G], 7: [G, B, H, C, D, A, J, E, I, F], 8: [H, A, E, C, F, B, I, D, J, G], 9: [D, E, C, G, B, A, H, J, F, I], 10: [A, C, E, H, F, J, D, B, I, G], 11: [B, C, G, J, D, A, I, F, E, H]}"
5,26,0.7348602619671221,39,0.050954955517981335,0.46392111520459844,0.46232771451848076,1,0.1,0.05126662062412446,6,"{0: [], 1: [E, E, E, E, E, E, E, E, E, E, E, E, E, E, E, E, E, E, E, E, E, E, D, A, B, C], 2: [C, A], 3: [B, A], 4: [D], 5: [B, A], 6: [A], 7: [], 8: [], 9: [], 10: [], 11: [B]}","{0: [], 1: [], 2: [], 3: [], 4: [], 5: [], 6: [], 7: [], 8: [], 9: [], 10: [], 11: []}","{1: [A, B, C, D, E], 2: [E, D, A, B, C], 3: [B, C, A, D, E], 4: [B, E, D, C, A], 5: [B, E, A, D, C], 6: [D, C, B, A, E], 7: [D, B, E, C, A], 8: [E, A, C, D, B], 9: [E, B, A, C, D], 10: [A, D, B, E, C], 11: [A, D, E, C, B]}"
13,24,0.6565155023407927,40,0.24820598200042876,0.1994981564828609,0.2953787530133532,4,0.1,0.3627710517596719,8,"{0: [], 1: [B, I, D, G, A, H, F, K, M, M, M, M, M, M, M, M, M, M, M, M, E, J], 2: [I, E, A, M, M, M, M, M, H], 3: [I, A, E], 4: [I, E, A], 5: [A, E, I], 6: [E, I], 7: [E, I], 8: [E, I], 9: [I], 10: [], 11: [E, I]}","{0: [], 1: [(L, M), (C, M)], 2: [(K, M), (D, M), (B, M), (G, M), (F, M), (J, M)], 3: [(H, M)], 4: [], 5: [], 6: [], 7: [], 8: [], 9: [], 10: [], 11: []}","{1: [A, B, C, D, E, F, G, H, I, J, K, L, M], 2: [B, I, L, D, G, A, H, F, C, K, M, E, J], 3: [K, D, B, I, G, L, C, F, J, E, A, M, H], 4: [K, I, B, F, C, L, G, H, A, J, D, M, E], 5: [C, K, I, J, E, M, H, L, F, A, D, B, G], 6: [J, G, F, M, B, H, A, C, E, K, I, D, L], 7: [J, D, K, A, E, H, C, I, M, L, G, B, F], 8: [K, C, F, J, E, B, L, I, A, G, M, D, H], 9: [E, H, G, D, J, B, A, F, M, C, K, L, I], 10: [I, E, B, A, L, C, G, F, J, M, H, D, K], 11: [D, H, F, E, C, A, B, M, J, G, I, L, K]}"
5,23,0.258345249305491,46,0.08688994632726306,0.2665961470472695,0.4614440237637524,1,0.1,0.1870929698696126,11,"{0: [], 1: [E, E, E, E, E, E, E, E, E, E, E, E, E, E, E, E, E, E, E, D, A, B, C], 2: [A, B, C, D], 3: [A, C, D, B], 4: [C, B, A, D], 5: [D, B, C, A], 6: [D], 7: [D, C], 8: [], 9: [B], 10: [B, A], 11: [B]}","{0: [], 1: [], 2: [], 3: [], 4: [], 5: [], 6: [], 7: [], 8: [], 9: [], 10: [], 11: []}","{1: [A, B, C, D, E], 2: [E, D, A, B, C], 3: [A, B, C, D, E], 4: [A, C, D, B, E], 5: [C, B, E, A, D], 6: [D, E, B, C, A], 7: [B, A, C, D, E], 8: [B, D, C, E, A], 9: [B, E, A, D, C], 10: [A, D, E, C, B], 11: [E, B, C, D, A]}"
11,14,0.40500944481787454,40,0.2606092822858174,0.27405085836567633,0.1161077388446691,3,0.1,0.41461768963813084,9,"{0: [], 1: [K, K, K, K, A, E, I, J], 2: [K, K, K, K, K, E, J, I, K], 3: [K, K, E, K, K, K, I], 4: [E, K], 5: [J, K], 6: [], 7: [J], 8: [], 9: [], 10: [], 11: []}","{0: [], 1: [(B, J), (F, J), (G, K), (D, K), (I, D), (H, K), (C, K), (J, K)], 2: [(F, J), (A, K), (E, K), (J, K), (I, K)], 3: [(E, K), (J, K), (F, J), (I, K)], 4: [(J, K)], 5: [(J, K)], 6: [], 7: [], 8: [], 9: [], 10: [], 11: []}","{1: [A, B, C, D, E, F, G, H, I, J, K], 2: [B, K, A, F, G, D, E, I, H, C, J], 3: [G, K, C, F, A, D, E, J, I, B, H], 4: [H, A, E, J, F, D, B, G, C, K, I], 5: [J, D, E, K, I, A, G, F, C, H, B], 6: [B, F, E, H, G, I, A, K, C, J, D], 7: [K, A, I, J, D, C, E, G, F, B, H], 8: [J, F, D, B, C, E, G, K, H, I, A], 9: [C, J, H, I, K, B, E, A, D, G, F], 10: [J, C, I, G, K, D, F, A, B, H, E], 11: [F, H, K, B, D, J, E, C, A, G, I]}"
8,25,0.23222458510436894,52,0.06258028630206082,0.1000337886018889,0.1548654385189365,2,0.1,0.32706098568262376,11,"{0: [], 1: [H, H, H, H, H, H, H, H, H, H, H, H, H, H, H, H, H, H, G], 2: [G], 3: [G], 4: [G], 5: [G], 6: [G], 7: [], 8: [], 9: [], 10: [], 11: []}","{0: [], 1: [(D, H), (A, H), (F, H), (B, H), (E, H), (C, H)], 2: [], 3: [], 4: [], 5: [], 6: [], 7: [], 8: [], 9: [], 10: [], 11: []}","{1: [A, B, C, D, E, F, G, H], 2: [H, D, A, F, B, E, C, G], 3: [H, A, E, B, C, D, F, G], 4: [F, E, B, H, A, D, G, C], 5: [D, F, B, H, G, E, C, A], 6: [G, E, C, D, B, A, H, F], 7: [H, F, B, D, G, E, A, C], 8: [H, A, D, B, E, C, G, F], 9: [D, A, B, C, E, F, G, H], 10: [A, B, C, F, D, E, G, H], 11: [D, F, G, B, H, E, C, A]}"
8,19,0.6969663884666708,38,0.10106863870299855,0.29711959130509397,0.30110510014385083,4,0.1,0.11110919782645517,9,"{0: [], 1: [H, H, H, H, H, H, H, H, H, H, H, H, E, F], 2: [H, H, H, H, H, E, C], 3: [H, E, C], 4: [H, C, E], 5: [E, C], 6: [E], 7: [E], 8: [E], 9: [], 10: [], 11: [E]}","{0: [], 1: [(D, H), (C, H), (G, H), (B, H), (A, H)], 2: [(F, H)], 3: [], 4: [], 5: [], 6: [], 7: [], 8: [], 9: [], 10: [], 11: []}","{1: [A, B, C, D, E, F, G, H], 2: [D, H, E, C, G, B, A, F], 3: [A, F, B, H, G, E, C, D], 4: [H, E, G, C, F, D, B, A], 5: [H, B, C, A, G, D, E, F], 6: [G, H, D, B, E, C, A, F], 7: [A, G, B, E, C, D, F, H], 8: [A, E, C, B, G, D, F, H], 9: [C, E, F, A, B, D, H, G], 10: [F, E, C, G, D, A, H, B], 11: [H, G, E, F, B, D, C, A]}"
10,20,0.5192300552638619,53,0.2320606314530384,0.2360843332546014,0.43546572687000273,1,0.1,0.04267018400729761,14,"{0: [], 1: [J, J, J, J, J, J, J, J, J, J, J, D], 2: [D, J, J, J, J, J, J, J, J, J, J, J, J, J], 3: [], 4: [D], 5: [], 6: [], 7: [D], 8: [], 9: [D], 10: [D], 11: []}","{0: [], 1: [(A, J), (H, J), (I, J), (B, J), (C, J), (G, J), (E, J), (F, J)], 2: [], 3: [], 4: [], 5: [], 6: [], 7: [], 8: [], 9: [], 10: [], 11: []}","{1: [A, B, C, D, E, F, G, H, I, J], 2: [A, H, I, B, C, J, D, G, E, F], 3: [D, C, B, E, A, H, J, G, F, I], 4: [D, G, C, I, E, A, F, J, B, H], 5: [D, B, J, I, G, F, A, H, E, C], 6: [I, F, D, G, C, J, B, A, E, H], 7: [F, E, I, G, C, D, B, A, H, J], 8: [H, F, J, A, G, I, B, D, C, E], 9: [C, H, D, J, B, A, E, F, G, I], 10: [D, I, C, G, F, H, E, B, J, A], 11: [F, E, H, D, I, J, A, G, B, C]}"
10,24,0.20418671135587999,58,0.08295474686196745,0.4123307340967045,0.24152117488546324,3,0.1,0.4664607918264518,10,"{0: [], 1: [J, J, J, J, J, J, J, J, J, J, J, J, J, J, J, C], 2: [J, J, J, J, J, J], 3: []}","{0: [], 1: [(I, J), (B, J), (E, J), (D, J), (A, J), (G, J), (H, J), (F, J)], 2: [(C, J)], 3: []}","{1: [A, B, C, D, E, F, G, H, I, J], 2: [I, B, E, D, A, G, J, H, C, F], 3: [C, A, E, B, J, H, G, I, D, F]}"
9,21,0.6762821495428382,45,0.2473948927797665,0.23490373844773482,0.31864553842129095,2,0.1,0.09157485470867421,12,"{0: [], 1: [I, I, I, I, I, I, I, I, I, I, I, I, I, B, E, G], 2: [E, I, I, I, I, I, I, G, B], 3: [B, E, G], 4: [E, B, G], 5: [B, E, G], 6: [G], 7: [], 8: [B], 9: [], 10: [], 11: [B]}","{0: [], 1: [(C, I), (A, I), (F, I), (D, I), (H, I)], 2: [(A, I)], 3: [], 4: [], 5: [], 6: [], 7: [], 8: [], 9: [], 10: [], 11: []}","{1: [A, B, C, D, E, F, G, H, I], 2: [C, A, F, I, B, D, E, H, G], 3: [E, F, H, I, C, D, G, A, B], 4: [B, H, E, G, I, F, C, D, A], 5: [C, D, A, E, F, B, G, H, I], 6: [C, D, B, E, G, F, H, A, I], 7: [D, H, B, A, I, E, C, G, F], 8: [D, I, H, A, G, B, C, F, E], 9: [D, A, H, I, G, F, B, C, E], 10: [A, G, E, C, B, D, F, H, I], 11: [H, C, I, E, F, B, D, A, G]}"
9,16,0.6783636385709418,42,0.10660742087304355,0.4438565270107222,0.10636682234070412,2,0.1,0.12555750392624837,9,"{0: [], 1: [H, I, I, I, I, I, I, I, I], 2: [I, I, I, I, I, I, I, I, H, I, I, I, I, I, I, I], 3: [H], 4: [H], 5: [H], 6: [H], 7: [], 8: [], 9: [], 10: [], 11: []}","{0: [], 1: [(A, I), (E, I), (B, I), (C, I), (G, I), (F, I), (D, I)], 2: [], 3: [], 4: [], 5: [], 6: [], 7: [], 8: [], 9: [], 10: [], 11: []}","{1: [A, B, C, D, E, F, G, H, I], 2: [A, H, E, B, C, G, I, F, D], 3: [I, H, F, B, D, G, A, E, C], 4: [H, G, C, B, A, F, D, I, E], 5: [E, H, C, F, A, B, G, I, D], 6: [C, H, G, A, D, F, B, I, E], 7: [B, D, F, G, I, A, H, C, E], 8: [C, E, I, H, G, F, D, A, B], 9: [B, H, I, F, D, C, G, E, A], 10: [F, G, D, C, B, A, E, H, I], 11: [B, E, H, F, I, A, C, G, D]}"
8,11,0.5714990424000694,39,0.1345286820860258,0.2424556907031532,0.28079003963587607,3,0.1,0.1132206219527595,12,"{0: [], 1: [E, H, H, H, H], 2: [H, H, H, H, E, H, H, H, H, H, H], 3: [H, H, H, H, H, H, H, H, H, E, H], 4: [E], 5: [E], 6: [E], 7: [E], 8: [E], 9: [], 10: [], 11: [E]}","{0: [], 1: [(D, H), (A, H), (G, H), (B, H), (C, H), (F, H)], 2: [], 3: [], 4: [], 5: [], 6: [], 7: [], 8: [], 9: [], 10: [], 11: []}","{1: [A, B, C, D, E, F, G, H], 2: [E, D, A, G, B, C, F, H], 3: [H, E, A, C, D, G, B, F], 4: [G, C, B, A, H, D, E, F], 5: [C, H, B, F, G, E, A, D], 6: [F, G, E, C, B, D, A, H], 7: [A, E, C, H, G, F, B, D], 8: [A, G, C, F, B, H, D, E], 9: [C, E, F, B, H, G, A, D], 10: [A, D, C, H, B, F, E, G], 11: [A, E, D, H, B, C, F, G]}"
14,19,0.7496270016374502,48,0.26524987991599447,0.233892680184709,0.38066508070546934,2,0.1,0.34194332217616685,14,"{0: [], 1: [K, M, N, N, N, N, N, N, H, E], 2: [N, M, K, N, N, N, N, N, N, N, N, N, N, N, N, N, H, N], 3: [H, K, M], 4: [K, M], 5: [M, H, K], 6: [H, M], 7: [H, M], 8: [H, M], 9: [], 10: [H], 11: []}","{0: [], 1: [(I, N), (L, N), (B, N), (F, N), (C, N), (J, N), (D, N), (A, N), (G, N)], 2: [(E, N)], 3: [], 4: [], 5: [], 6: [], 7: [], 8: [], 9: [], 10: [], 11: []}","{1: [A, B, C, D, E, F, G, H, I, J, K, L, M, N], 2: [I, L, K, B, M, F, N, C, J, D, H, A, E, G], 3: [J, M, K, C, E, I, D, N, L, B, G, F, H, A], 4: [H, C, J, K, F, E, G, D, B, M, L, I, N, A], 5: [C, K, L, H, I, E, M, A, G, D, J, N, B, F], 6: [C, J, A, F, M, B, G, H, K, I, E, D, N, L], 7: [J, H, F, M, K, G, B, L, C, A, I, D, N, E], 8: [H, F, C, B, I, M, G, K, E, N, J, A, L, D], 9: [J, E, G, B, I, D, N, F, H, C, A, L, M, K], 10: [L, G, F, M, K, H, B, E, D, I, A, C, J, N], 11: [G, D, H, E, F, C, M, K, I, B, J, N, A, L]}"
17,22,0.6342736122885713,52,0.1015286085328793,0.44383811637139803,0.3104943243964673,3,0.1,0.39197278694921883,13,"{0: [], 1: [Q, Q, Q, Q, Q, Q, O], 2: [Q, Q, Q, Q, Q, Q, Q, Q, Q, Q, Q, O, Q], 3: [O], 4: [O], 5: [O], 6: [O], 7: [O], 8: [O], 9: [O], 10: [], 11: []}","{0: [], 1: [(E, Q), (H, Q), (C, Q), (J, Q), (L, Q), (A, Q), (D, Q), (P, Q), (F, Q), (B, Q), (I, Q), (N, Q), (K, Q), (G, Q), (M, Q)], 2: [(M, Q), (N, Q)], 3: [], 4: [], 5: [], 6: [], 7: [], 8: [], 9: [], 10: [], 11: []}","{1: [A, B, C, D, E, F, G, H, I, J, K, L, M, N, O, P, Q], 2: [E, H, C, J, L, A, D, P, F, B, I, N, K, G, Q, O, M], 3: [E, H, A, L, J, Q, M, F, I, D, P, B, C, G, O, N, K], 4: [K, H, M, B, E, A, Q, P, L, G, F, O, D, N, J, C, I], 5: [I, C, M, B, E, L, P, G, J, Q, K, D, H, O, N, A, F], 6: [E, D, K, L, M, P, I, N, C, O, G, J, Q, F, A, B, H], 7: [J, M, K, G, I, O, F, C, A, H, B, E, Q, N, P, D, L], 8: [E, F, A, J, H, C, B, L, G, Q, K, P, I, O, D, M, N], 9: [P, E, M, D, F, H, B, K, N, Q, A, C, I, J, G, O, L], 10: [P, A, E, C, G, K, I, D, F, Q, M, N, J, O, B, H, L], 11: [N, Q, A, F, O, C, M, H, D, K, P, J, G, E, I, L, B]}"
13,19,0.5663546070660227,51,0.18244839115070915,0.27007175321456695,0.2851445194885559,1,0.1,0.285622714678108,7,"{0: [], 1: [M, M, M, M, M, M, M], 2: [M, M, M, M, M, M, M, M, M, M, M, M, M, M, M, M, M, M, M]}","{0: [], 1: [(G, M), (H, M), (J, M), (A, M), (F, M), (D, M), (C, M), (I, M), (K, M), (L, M), (B, M), (E, M)], 2: []}","{1: [A, B, C, D, E, F, G, H, I, J, K, L, M], 2: [G, H, J, A, F, D, C, I, K, M, L, B, E]}"
9,19,0.37314554440404346,43,0.2918498161788801,0.3487071630954617,0.36519369493772447,1,0.1,0.0048542796271971445,9,"{0: [], 1: [D, I, I, I, I, I, I, I, I, I, I, I], 2: [I, I, I, I, I, I, I, I, I, I, H, I, I], 3: [], 4: [], 5: [], 6: [], 7: [], 8: [], 9: [], 10: [], 11: []}","{0: [], 1: [(H, I), (G, I), (C, I), (A, I), (E, I), (F, I), (B, I)], 2: [(D, I), (F, I)], 3: [], 4: [], 5: [], 6: [], 7: [], 8: [], 9: [], 10: [], 11: []}","{1: [A, B, C, D, E, F, G, H, I], 2: [D, I, H, G, C, A, E, F, B], 3: [I, A, D, C, F, H, B, E, G], 4: [H, E, C, I, G, A, F, D, B], 5: [I, C, H, B, G, A, F, E, D], 6: [B, A, D, E, H, G, C, F, I], 7: [F, I, G, C, E, B, A, H, D], 8: [G, D, B, H, I, A, E, C, F], 9: [B, I, E, C, H, G, F, A, D], 10: [C, A, B, D, I, H, E, F, G], 11: [G, I, E, C, B, A, H, F, D]}"
9,19,0.39624880938307505,43,0.1501320592617596,0.3153941767192169,0.2927788939699395,3,0.1,0.21204609045913592,10,"{0: [], 1: [I, I, I, I, I, I, I, I, I, I, I], 2: [I, I, I, I, I, I, I, I, I, I, I, I, I, I, I, I, I, I, I]}","{0: [], 1: [(E, I), (B, I), (C, I), (F, I), (D, I), (A, I), (H, I), (G, I)], 2: []}","{1: [A, B, C, D, E, F, G, H, I], 2: [E, I, B, C, F, D, A, H, G]}"
7,26,0.536960843062569,49,0.22173572832091304,0.25236549116133367,0.4957512551222365,2,0.1,0.48979954732628755,14,"{0: [], 1: [B, G, G, G, G, G, G, G, G, G, G, G, G, G, G, G, G, G, G, G, G], 2: [B], 3: [B], 4: [B], 5: [B], 6: [B], 7: [], 8: [], 9: [], 10: [], 11: []}","{0: [], 1: [(A, G), (C, G), (D, G), (E, G), (F, G)], 2: [], 3: [], 4: [], 5: [], 6: [], 7: [], 8: [], 9: [], 10: [], 11: []}","{1: [A, B, C, D, E, F, G], 2: [A, C, D, B, E, F, G], 3: [E, F, B, D, G, C, A], 4: [B, D, A, E, F, G, C], 5: [F, G, D, B, E, C, A], 6: [G, B, E, A, D, C, F], 7: [D, F, G, E, B, C, A], 8: [A, C, E, D, B, F, G], 9: [D, B, E, G, F, A, C], 10: [C, G, B, A, D, F, E], 11: [B, E, A, C, D, F, G]}"
14,16,0.38845812291388426,47,0.24562918474161777,0.34948838275478283,0.23010372894113718,3,0.1,0.22344455439194255,14,"{0: [], 1: [A, N, N, N, M], 2: [N, N, N, N, N, M, N, N], 3: [N, N, N, N, N, N, N, N], 4: [], 5: [M], 6: [], 7: [], 8: [M], 9: [], 10: [], 11: []}","{0: [], 1: [(H, N), (J, N), (C, N), (D, N), (E, M), (L, N), (K, N), (I, N), (B, N), (M, N), (G, N), (F, N)], 2: [(I, N), (A, N), (M, N), (L, N), (E, M)], 3: [(M, N)], 4: [], 5: [], 6: [], 7: [], 8: [], 9: [], 10: [], 11: []}","{1: [A, B, C, D, E, F, G, H, I, J, K, L, M, N], 2: [H, J, A, C, D, E, L, K, I, N, B, M, G, F], 3: [I, H, K, J, A, F, G, D, M, C, B, N, L, E], 4: [E, J, G, N, F, C, M, L, I, A, H, B, K, D], 5: [I, E, H, N, L, G, D, K, C, J, B, F, A, M], 6: [J, G, A, F, L, C, E, I, H, D, B, N, M, K], 7: [L, H, G, B, E, K, M, A, C, J, D, F, I, N], 8: [K, M, D, N, I, L, H, E, B, J, G, C, A, F], 9: [C, F, M, E, N, D, H, A, L, G, J, I, B, K], 10: [E, I, K, D, C, G, L, H, B, A, N, F, M, J], 11: [M, J, F, L, N, E, G, B, A, I, D, K, C, H]}"
10,21,0.2896008416547016,40,0.2826562751604164,0.43655232282085743,0.26532501510167505,3,0.1,0.2174321225027212,12,"{0: [], 1: [A, H, J, J, J, J, J, J, J, J, J, J, J, J], 2: [A, H, H], 3: [H, H, J, A], 4: [A, H], 5: [H, A], 6: [H, A], 7: [A, H], 8: [H, A], 9: [], 10: [], 11: []}","{0: [], 1: [(G, J), (D, J), (B, H), (E, J), (I, J), (H, J), (C, J), (F, J)], 2: [(F, J)], 3: [], 4: [], 5: [], 6: [], 7: [], 8: [], 9: [], 10: [], 11: []}","{1: [A, B, C, D, E, F, G, H, I, J], 2: [G, A, D, B, E, I, H, C, F, J], 3: [F, J, A, I, D, C, B, E, H, G], 4: [B, H, G, E, F, D, J, I, C, A], 5: [E, D, A, G, B, I, J, H, C, F], 6: [J, C, I, B, G, F, D, A, E, H], 7: [I, B, F, C, E, A, D, J, H, G], 8: [D, A, E, G, F, C, I, H, J, B], 9: [I, B, H, C, D, J, G, A, F, E], 10: [C, H, A, D, E, F, G, B, I, J], 11: [I, H, A, D, J, F, C, G, E, B]}"
7,20,0.2268617559494354,54,0.0744087333514316,0.19178181397075167,0.2715696543848225,2,0.1,0.06219102636228768,4,"{0: [], 1: [F, G, G, G, G, G, G, G, G, G, G, G, G, G, G], 2: [D, F], 3: [D, F], 4: [D, F], 5: [F, D], 6: [D, F], 7: [], 8: [], 9: [], 10: [], 11: []}","{0: [], 1: [(A, G), (E, G), (D, F), (B, G), (C, G)], 2: [(B, G)], 3: [], 4: [], 5: [], 6: [], 7: [], 8: [], 9: [], 10: [], 11: []}","{1: [A, B, C, D, E, F, G], 2: [A, F, E, D, B, C, G], 3: [G, D, A, B, E, F, C], 4: [B, C, D, G, E, A, F], 5: [E, A, G, B, D, C, F], 6: [C, F, A, G, E, D, B], 7: [D, B, C, F, A, E, G], 8: [E, G, C, B, A, F, D], 9: [B, A, D, G, C, F, E], 10: [C, F, A, D, G, E, B], 11: [E, A, G, D, B, F, C]}"
5,13,0.5231115950895131,40,0.15787030234333033,0.4085128026910747,0.34627829696369095,1,0.1,0.44578844704839105,8,"{0: [], 1: [D, A, E, E, E, E, E, E, E, E, E], 2: [A, E, E, E, E, E, E, E, E, D], 3: [A, D], 4: [A, D], 5: [D, A], 6: [D, A], 7: [A], 8: [], 9: [], 10: [], 11: []}","{0: [], 1: [(B, E), (C, E)], 2: [], 3: [], 4: [], 5: [], 6: [], 7: [], 8: [], 9: [], 10: [], 11: []}","{1: [A, B, C, D, E], 2: [D, A, E, B, C], 3: [A, B, C, E, D], 4: [E, A, C, B, D], 5: [A, D, E, C, B], 6: [D, E, A, C, B], 7: [E, B, D, C, A], 8: [E, D, A, C, B], 9: [B, A, D, C, E], 10: [A, E, B, C, D], 11: [B, C, A, E, D]}"
11,21,0.710924820299363,44,0.17328975723401058,0.3874685613550036,0.3137601692740784,2,0.1,0.17100789390102045,8,"{0: [], 1: [F, K, K, K, K, K, K, K, K, K, K, K, E, H, B], 2: [F, B, A, K, K, K, K, K, H, E, G, K], 3: [H, B, E, F, G, A], 4: [H, B, A, G, E, F], 5: [E, G, H, A, F, B], 6: [B, G, A, E, F, H], 7: [H, B, F, E], 8: [], 9: [], 10: [], 11: [E]}","{0: [], 1: [(D, K), (C, K), (I, K), (G, K), (A, K), (J, K)], 2: [], 3: [], 4: [], 5: [], 6: [], 7: [], 8: [], 9: [], 10: [], 11: []}","{1: [A, B, C, D, E, F, G, H, I, J, K], 2: [F, D, K, E, H, C, B, I, G, A, J], 3: [F, I, B, A, J, K, H, E, C, G, D], 4: [H, J, D, B, E, I, F, G, K, A, C], 5: [H, D, I, B, A, G, E, K, J, F, C], 6: [E, I, G, H, D, A, C, F, B, K, J], 7: [C, B, J, G, A, E, D, F, H, I, K], 8: [H, I, B, D, F, C, J, A, G, E, K], 9: [G, A, H, B, K, I, D, C, J, F, E], 10: [I, B, F, E, D, A, G, K, J, H, C], 11: [E, G, I, F, C, K, A, B, D, H, J]}"
11,13,0.44148997196997203,62,0.26131668342104664,0.391340342957344,0.12566411111105788,2,0.1,0.49749255233299133,11,"{0: [], 1: [G, I, D, K, K, K, J], 2: [K, K, K, J, K, K, I], 3: [K, D, K, K, K, K, K, K, I], 4: [I, J, D], 5: [D, I, J], 6: [I, D], 7: [], 8: [], 9: [], 10: [], 11: []}","{0: [], 1: [(I, H), (F, K), (B, K), (A, K), (C, K), (J, K), (E, K), (H, J)], 2: [(B, K), (G, K), (J, K), (D, K)], 3: [(J, K), (I, J)], 4: [], 5: [], 6: [], 7: [], 8: [], 9: [], 10: [], 11: []}","{1: [A, B, C, D, E, F, G, H, I, J, K], 2: [G, I, F, B, D, A, K, C, J, E, H], 3: [B, E, G, J, C, F, H, D, K, A, I], 4: [J, H, D, K, C, E, A, G, F, I, B], 5: [C, E, J, F, I, H, D, K, A, B, G], 6: [E, D, B, J, G, I, H, K, F, A, C], 7: [J, H, B, K, I, A, D, C, G, F, E], 8: [K, I, D, B, G, J, E, H, A, C, F], 9: [J, I, H, K, C, F, A, D, E, B, G], 10: [D, A, J, I, K, E, B, G, H, C, F], 11: [C, I, H, E, J, G, K, A, D, B, F]}"
8,22,0.6586654400481995,37,0.2963629392719837,0.19350624327598204,0.4974295284255058,1,0.1,0.09389215296276293,12,"{0: [], 1: [H, H, H, H, H, H, H, H, H, H, H, H, H, H, H, F, D, E], 2: [D, F, E], 3: [E, F, D], 4: [D, F, E], 5: [E, D, F], 6: [D, F, E], 7: [E, D, F], 8: [E, F], 9: [], 10: [], 11: []}","{0: [], 1: [(B, H), (C, H), (G, H), (A, H)], 2: [], 3: [], 4: [], 5: [], 6: [], 7: [], 8: [], 9: [], 10: [], 11: []}","{1: [A, B, C, D, E, F, G, H], 2: [H, F, B, D, C, G, E, A], 3: [D, H, C, G, B, A, F, E], 4: [E, C, H, G, F, B, D, A], 5: [G, C, D, H, A, F, B, E], 6: [B, E, A, C, G, D, F, H], 7: [D, G, B, A, F, H, C, E], 8: [H, B, E, G, D, A, C, F], 9: [C, E, D, H, G, F, A, B], 10: [A, E, H, G, B, F, D, C], 11: [A, D, H, E, C, F, B, G]}"
16,22,0.5458988113103771,43,0.1683423269627744,0.20916338186825056,0.31804499146976795,2,0.1,0.3575552592469248,12,"{0: [], 1: [O, P, P, P, P, P, P, P, M, C], 2: [P, P, P, P, P, P, P, P, P, P, P, D, K, P, P, P, C, M, P], 3: [C], 4: [C], 5: [C, M], 6: [], 7: [], 8: [M], 9: [], 10: [], 11: []}","{0: [], 1: [(E, P), (H, P), (N, P), (B, P), (D, P), (O, P), (K, P), (J, P), (L, P), (G, O), (I, P), (A, P), (F, P)], 2: [(G, O), (O, P)], 3: [(P, O), (P, O), (O, P), (P, O)], 4: [(P, O), (P, O), (P, O), (P, O)], 5: [(P, O), (P, O), (P, O), (P, O)], 6: [(P, O), (P, O), (P, O)], 7: [(P, O), (P, O)], 8: [(P, O), (P, O)], 9: [(P, O), (P, O), (P, O), (P, O)], 10: [(P, O), (P, O)], 11: [(P, O), (P, O)]}","{1: [A, B, C, D, E, F, G, H, I, J, K, L, M, N, O, P], 2: [E, H, N, B, D, O, K, J, P, M, L, C, G, I, A, F], 3: [I, P, N, H, A, G, E, D, K, L, F, B, C, O, M, J], 4: [B, E, J, K, F, I, H, D, O, G, N, A, P, L, C, M], 5: [L, E, G, C, J, A, I, N, P, H, O, F, M, B, D, K], 6: [L, O, A, P, F, G, J, I, B, C, N, H, D, K, E, M], 7: [P, F, N, I, M, D, C, G, H, A, J, L, B, K, O, E], 8: [F, O, M, G, I, B, P, E, C, N, H, K, L, A, D, J], 9: [B, D, H, E, L, C, G, F, N, O, A, J, P, K, I, M], 10: [I, A, L, D, C, J, N, P, G, E, H, M, K, O, F, B], 11: [B, E, N, C, A, F, H, I, K, P, J, O, M, L, G, D]}"
9,21,0.22763361586635106,40,0.12772407516208478,0.2692535389117837,0.2743081960692093,2,0.1,0.19588273344844692,8,"{0: [], 1: [H, B, I, I, I, I, I, I, I, I, I, I, I, I, I], 2: [H, B], 3: [B, H], 4: [B, H], 5: [H, B], 6: [H, B], 7: [B, H], 8: [B, H], 9: [B, H], 10: [], 11: []}","{0: [], 1: [(A, I), (C, I), (F, I), (E, I), (G, I), (D, I)], 2: [(F, I)], 3: [], 4: [], 5: [], 6: [], 7: [], 8: [], 9: [], 10: [], 11: []}","{1: [A, B, C, D, E, F, G, H, I], 2: [A, H, C, B, I, F, E, G, D], 3: [H, D, E, I, A, B, C, G, F], 4: [D, I, G, C, B, A, E, H, F], 5: [A, B, G, F, E, D, C, H, I], 6: [H, A, G, E, F, D, I, B, C], 7: [H, B, D, I, A, C, E, G, F], 8: [B, G, E, F, I, H, A, D, C], 9: [B, E, I, A, H, C, F, D, G], 10: [I, G, B, D, H, A, C, F, E], 11: [I, F, E, H, A, B, D, G, C]}"
12,23,0.21004422632690714,46,0.11354131404730487,0.3047797290299124,0.3379447252245832,1,0.1,0.2712561859181607,10,"{0: [], 1: [L, L, L, L, L, L, L, L, L, L, L, L], 2: [L, L, L, L, L, L, L, L, L, L, L, L, L, L, L, L, L], 3: [], 4: [], 5: [], 6: [], 7: [], 8: [], 9: [], 10: [], 11: []}","{0: [], 1: [(K, L), (B, L), (J, L), (C, L), (D, L), (F, L), (A, L), (G, L), (E, L), (H, L), (I, L)], 2: [(F, L), (E, L)], 3: [], 4: [], 5: [], 6: [], 7: [], 8: [], 9: [], 10: [], 11: []}","{1: [A, B, C, D, E, F, G, H, I, J, K, L], 2: [K, B, L, J, C, D, F, A, G, E, H, I], 3: [J, H, G, F, A, B, I, E, D, K, C, L], 4: [A, K, C, E, B, G, D, I, H, L, F, J], 5: [L, K, B, J, C, F, A, G, H, I, E, D], 6: [H, L, D, F, I, A, G, B, K, E, J, C], 7: [J, H, A, L, K, F, C, D, E, B, I, G], 8: [A, F, H, E, I, B, K, C, L, G, D, J], 9: [H, K, J, I, B, L, G, A, E, C, F, D], 10: [G, F, B, D, E, L, A, K, H, J, I, C], 11: [E, L, J, D, K, A, F, G, I, C, H, B]}"
10,28,0.7426591548953789,41,0.18846680697294027,0.18591277146253038,0.11408355235072443,1,0.1,0.4078061858747315,9,"{0: [], 1: [E, G, B, F, A, I, J, J, J, J, J, J, J, J, J, J, J, J, J, J, J, J, J, J, J, H], 2: [E, F, H, B, A], 3: [A, E], 4: [A, E, B, F], 5: [H, E], 6: [F, A], 7: [], 8: [], 9: [], 10: [], 11: []}","{0: [], 1: [(C, J), (D, J)], 2: [(G, J), (I, J)], 3: [], 4: [], 5: [], 6: [], 7: [], 8: [], 9: [], 10: [], 11: []}","{1: [A, B, C, D, E, F, G, H, I, J], 2: [E, G, B, C, F, A, I, J, H, D], 3: [G, E, C, F, I, H, B, D, J, A], 4: [I, A, H, B, F, E, C, G, D, J], 5: [G, A, H, C, E, I, B, D, F, J], 6: [F, D, I, H, J, C, B, A, G, E], 7: [E, F, A, B, J, G, I, H, C, D], 8: [D, H, I, G, A, B, J, F, C, E], 9: [H, G, A, D, C, E, F, I, B, J], 10: [B, E, G, I, H, C, F, J, A, D], 11: [G, B, D, C, J, F, E, I, H, A]}"
8,25,0.6680643224884816,43,0.16540231922614507,0.14484642262309333,0.4612069607950825,2,0.1,0.18183540489345423,17,"{0: [], 1: [H, H, H, H, H, H, H, H, H, H, H, H, H, H, H, H, H, H, E, D, B, C], 2: [C, D, B, E], 3: [C, E, D], 4: [E, D], 5: [B], 6: [B], 7: [B], 8: [], 9: [], 10: [], 11: [D]}","{0: [], 1: [(G, H), (A, H), (F, H)], 2: [], 3: [], 4: [], 5: [], 6: [], 7: [], 8: [], 9: [], 10: [], 11: []}","{1: [A, B, C, D, E, F, G, H], 2: [H, G, E, D, A, B, C, F], 3: [C, A, G, D, B, E, F, H], 4: [G, H, C, F, A, E, D, B], 5: [C, E, H, F, D, B, A, G], 6: [B, D, E, C, H, F, G, A], 7: [G, A, B, E, F, H, C, D], 8: [B, D, H, G, E, A, F, C], 9: [F, G, E, C, D, H, B, A], 10: [G, F, C, H, B, D, A, E], 11: [H, A, D, C, G, B, F, E]}"
12,30,0.4928177443520569,42,0.09327796860421335,0.10036765585147221,0.3226774320228492,3,0.1,0.2903604878192721,14,"{0: [], 1: [L, L, L, L, L, L, L, L, L, L, L, L, L, L, L, L, L, L, L, C, H], 2: [C, H], 3: [C], 4: [H], 5: [H], 6: [], 7: [], 8: [H], 9: [], 10: [H], 11: []}","{0: [], 1: [(I, L), (F, L), (B, L), (G, L), (A, L), (E, L), (J, L), (K, L), (D, L)], 2: [], 3: [], 4: [], 5: [], 6: [], 7: [], 8: [], 9: [], 10: [], 11: []}","{1: [A, B, C, D, E, F, G, H, I, J, K, L], 2: [L, C, I, F, B, G, A, E, J, K, H, D], 3: [B, J, G, C, H, F, A, L, I, D, K, E], 4: [G, K, J, D, B, L, F, C, E, H, I, A], 5: [J, A, B, L, F, C, G, E, H, I, D, K], 6: [C, L, F, G, K, H, D, A, B, E, I, J], 7: [I, C, F, J, E, H, B, K, D, G, L, A], 8: [C, H, G, B, A, L, E, K, D, J, I, F], 9: [I, L, F, C, K, B, D, E, H, G, A, J], 10: [C, K, A, J, H, I, L, G, B, E, D, F], 11: [A, H, E, J, L, D, G, C, F, B, K, I]}"
10,12,0.2819952851655948,36,0.14835052136105403,0.481689819363907,0.28074703886855756,2,0.1,0.1811454022326155,12,"{0: [], 1: [B, F, J, J, J, H], 2: [J, H, J, J, B, J], 3: [J, H, J, J, F, B], 4: [J, J, B, H, J, F], 5: [F, H, B], 6: [F, B], 7: [], 8: [], 9: [H], 10: [], 11: []}","{0: [], 1: [(E, J), (B, A), (C, J), (D, J), (A, J), (G, J), (H, C), (I, J)], 2: [(H, C), (C, J), (D, J), (B, J), (F, J), (G, J)], 3: [(H, J), (H, J), (B, J)], 4: [(B, J)], 5: [(B, J)], 6: [], 7: [], 8: [], 9: [], 10: [], 11: []}","{1: [A, B, C, D, E, F, G, H, I, J], 2: [E, B, F, C, D, J, A, G, H, I], 3: [I, H, A, C, D, J, B, E, F, G], 4: [G, A, E, H, D, J, C, I, F, B], 5: [C, D, G, J, I, B, H, E, A, F], 6: [C, G, J, F, A, I, H, E, D, B], 7: [F, I, E, D, C, B, A, G, H, J], 8: [F, G, D, H, A, J, B, E, I, C], 9: [J, C, A, I, F, G, H, D, B, E], 10: [B, C, H, E, I, A, D, G, J, F], 11: [A, D, B, F, H, J, C, G, E, I]}"
11,14,0.3693077137341112,58,0.12454055791390155,0.18439362542246981,0.39687211482334994,1,0.1,0.24765342855681283,12,"{0: [], 1: [K, K, K, K, F], 2: [F, K, K, C, K, K, K, K, K, K], 3: [K, C, K, K], 4: [A], 5: [K], 6: [], 7: [], 8: [], 9: [], 10: [], 11: []}","{0: [], 1: [(H, K), (E, K), (C, K), (J, K), (F, K), (A, F), (I, K), (G, K), (B, K), (D, K)], 2: [(F, K), (B, K), (D, K), (A, F), (G, K)], 3: [(D, K), (G, K), (F, K)], 4: [(F, K)], 5: [(A, K)], 6: [(A, K)], 7: [], 8: [], 9: [], 10: [], 11: []}","{1: [A, B, C, D, E, F, G, H, I, J, K], 2: [H, E, C, J, K, F, A, I, G, B, D], 3: [F, I, B, E, D, C, K, H, J, A, G], 4: [E, D, B, A, J, C, K, H, I, G, F], 5: [E, G, D, I, A, J, B, C, H, K, F], 6: [E, I, J, C, G, B, A, H, F, K, D], 7: [K, E, I, F, A, J, H, G, C, B, D], 8: [F, I, K, A, C, J, G, H, D, B, E], 9: [D, J, K, F, B, C, I, E, A, G, H], 10: [J, B, E, K, G, F, A, D, C, I, H], 11: [F, H, C, G, D, B, K, A, E, J, I]}"
11,22,0.497247247430181,33,0.14743720324645726,0.46719834476955013,0.4303420383718265,1,0.1,0.40715825300029024,8,"{0: [], 1: [F, K, K, K, K, K, K, K, K, K, K, K, K, G, H, I, A, E], 2: [H, F, I, G], 3: [I, K, H, G], 4: [I, G, H], 5: [G, I], 6: [I, G], 7: [], 8: [], 9: [], 10: [G], 11: [G]}","{0: [], 1: [(C, K), (J, K), (B, K), (D, K)], 2: [(E, K), (A, K)], 3: [(F, K)], 4: [], 5: [], 6: [], 7: [], 8: [], 9: [], 10: [], 11: []}","{1: [A, B, C, D, E, F, G, H, I, J, K], 2: [C, J, F, B, K, G, H, D, I, A, E], 3: [H, F, B, E, D, K, A, C, I, G, J], 4: [A, D, I, E, K, F, J, H, C, B, G], 5: [A, D, I, G, F, J, B, H, K, E, C], 6: [G, D, I, B, F, J, A, C, E, K, H], 7: [K, I, F, D, E, J, H, B, G, A, C], 8: [E, G, K, F, J, B, D, I, H, C, A], 9: [I, J, K, F, H, A, G, D, C, B, E], 10: [K, A, F, B, G, I, D, E, J, C, H], 11: [B, I, D, F, E, A, K, J, G, C, H]}"
8,15,0.3666187657789303,35,0.062341969373779074,0.20956959500715655,0.14542709425311579,1,0.1,0.43415631897910795,14,"{0: [], 1: [D, H, H, H, H, H, H, H, H], 2: [D, H, H, H, H, H, H], 3: [D], 4: [D], 5: [D], 6: [D], 7: [D], 8: [], 9: [], 10: [], 11: []}","{0: [], 1: [(A, H), (B, H), (G, H), (E, H), (F, H), (C, H)], 2: [(B, H), (F, H)], 3: [], 4: [], 5: [], 6: [], 7: [], 8: [], 9: [], 10: [], 11: []}","{1: [A, B, C, D, E, F, G, H], 2: [D, A, B, G, E, F, H, C], 3: [D, G, B, C, A, H, E, F], 4: [B, C, H, E, D, A, G, F], 5: [B, C, F, A, G, H, E, D], 6: [D, E, A, B, F, H, G, C], 7: [E, C, G, F, D, H, A, B], 8: [B, G, E, D, H, A, C, F], 9: [B, A, H, E, G, F, D, C], 10: [C, F, H, B, A, D, E, G], 11: [C, D, H, F, E, B, G, A]}"
13,18,0.4753686875472291,49,0.0745419271267826,0.10603614889965769,0.35229249236007176,3,0.1,0.34771427713577036,17,"{0: [], 1: [L, M, M, M, M, M, M, D], 2: [M, M, M, M, M, M, M, M, L, M, M, M], 3: [L], 4: [], 5: [], 6: [], 7: [], 8: [], 9: [], 10: [], 11: []}","{0: [], 1: [(A, M), (B, M), (C, M), (H, M), (K, M), (I, M), (G, M), (E, M), (J, M), (F, M)], 2: [(K, M), (D, M), (L, K)], 3: [], 4: [], 5: [], 6: [], 7: [], 8: [], 9: [], 10: [], 11: []}","{1: [A, B, C, D, E, F, G, H, I, J, K, L, M], 2: [A, L, M, B, D, C, H, K, I, G, E, J, F], 3: [J, H, M, F, B, K, A, D, L, I, G, C, E], 4: [K, D, G, F, I, B, H, J, M, E, A, C, L], 5: [I, G, D, C, E, L, A, F, B, M, K, J, H], 6: [J, M, L, G, F, C, H, D, B, K, I, A, E], 7: [H, M, F, E, C, B, G, D, J, I, L, A, K], 8: [E, G, M, J, F, C, B, L, D, H, K, I, A], 9: [E, D, M, H, J, G, B, L, C, I, F, A, K], 10: [K, M, B, J, L, I, H, C, G, D, E, A, F], 11: [H, C, G, I, F, E, B, D, K, J, L, A, M]}"
9,15,0.5706143681572649,45,0.14194136096460613,0.36895357231274317,0.10222584112841991,2,0.1,0.12397767945530869,16,"{0: [], 1: [I, I, I, I, I, I, I], 2: [I, I, I, I, I], 3: [I, I, I, I, I]}","{0: [], 1: [(F, I), (D, I), (B, I), (C, I), (G, I), (H, I), (A, I), (E, I)], 2: [(E, I)], 3: []}","{1: [A, B, C, D, E, F, G, H, I], 2: [F, I, D, B, C, G, H, A, E], 3: [I, D, E, F, G, H, B, A, C]}"
11,13,0.3066748678156966,54,0.06137808259808124,0.4725264773833071,0.22490382464127834,2,0.1,0.1776860524731474,15,"{0: [], 1: [H, K, K, K, E, J], 2: [K, J, K, K, K, H, E, K, K], 3: [K, K, K, K, E, H, K], 4: [E, H], 5: [H, E, K], 6: [H, E], 7: [E, H], 8: [H, E], 9: [E], 10: [H], 11: [E]}","{0: [], 1: [(H, K), (C, J), (G, K), (D, E), (B, H), (E, K), (J, E), (I, K), (F, K), (A, K)], 2: [(J, E), (B, H), (D, E), (H, K), (E, K)], 3: [(E, K), (J, E), (H, K), (D, E)], 4: [(J, E), (E, K), (D, E)], 5: [(E, K), (J, E)], 6: [(J, E), (E, K)], 7: [(J, E)], 8: [(J, E)], 9: [], 10: [], 11: []}","{1: [A, B, C, D, E, F, G, H, I, J, K], 2: [H, C, K, G, D, B, E, J, I, F, A], 3: [G, C, J, A, B, D, K, H, E, F, I], 4: [I, C, K, E, B, J, H, G, D, A, F], 5: [G, C, H, J, F, K, E, I, A, D, B], 6: [E, A, F, G, I, B, H, J, K, C, D], 7: [C, H, D, B, I, J, G, K, F, E, A], 8: [J, I, F, A, D, C, K, E, G, H, B], 9: [B, C, D, K, E, H, F, J, G, I, A], 10: [J, D, C, G, H, I, B, E, A, F, K], 11: [J, A, F, B, E, K, H, G, C, D, I]}"
5,14,0.423346472646818,50,0.2416680784803652,0.3541101487529106,0.12294842512114008,1,0.1,0.024037144487490003,11,"{0: [], 1: [E, E, E, E, E, E, E, E, E, E, C], 2: [E, D, C, E, E, E, E, E, E, E], 3: [C, D], 4: [C, D], 5: [C, D], 6: [C], 7: [], 8: [], 9: [], 10: [], 11: []}","{0: [], 1: [(D, E), (B, E), (A, E)], 2: [], 3: [], 4: [], 5: [], 6: [], 7: [], 8: [], 9: [], 10: [], 11: []}","{1: [A, B, C, D, E], 2: [D, B, E, A, C], 3: [B, D, C, E, A], 4: [E, A, C, B, D], 5: [B, C, D, A, E], 6: [A, B, C, D, E], 7: [D, A, B, E, C], 8: [D, C, B, A, E], 9: [A, C, E, B, D], 10: [E, C, A, B, D], 11: [C, B, D, A, E]}"
15,18,0.7169539381934635,40,0.06608604275415474,0.20907477460016732,0.4757311745112287,1,0.1,0.3187981091728739,9,"{0: [], 1: [O, O, O, O], 2: [O, O, K, O, O, O, O, O, O, O, O, O, O, O, O, O, O, O], 3: [], 4: [], 5: [], 6: [], 7: [], 8: [], 9: [], 10: [], 11: []}","{0: [], 1: [(D, O), (E, O), (H, O), (J, O), (A, O), (F, O), (B, O), (M, O), (N, O), (L, O), (C, O), (K, O), (I, O), (G, O)], 2: [], 3: [], 4: [], 5: [], 6: [], 7: [], 8: [], 9: [], 10: [], 11: []}","{1: [A, B, C, D, E, F, G, H, I, J, K, L, M, N, O], 2: [D, E, H, J, A, F, B, M, O, N, L, C, K, I, G], 3: [F, C, K, M, B, E, G, D, A, I, H, O, J, N, L], 4: [E, A, O, G, M, J, B, I, L, H, C, D, K, N, F], 5: [F, H, C, M, G, J, D, O, K, E, N, B, I, A, L], 6: [M, A, F, G, E, K, O, L, I, H, N, D, C, B, J], 7: [C, G, J, O, D, H, N, K, I, F, E, L, M, A, B], 8: [N, J, F, G, D, H, L, C, B, K, E, O, M, I, A], 9: [A, O, M, F, E, C, N, B, J, G, D, I, H, L, K], 10: [M, N, C, O, J, L, I, A, H, E, B, K, D, F, G], 11: [N, K, H, I, J, D, A, O, G, M, L, E, F, B, C]}"
15,24,0.2156682302018349,44,0.1539799914980769,0.4628020669577295,0.19200756874169753,1,0.1,0.08902267692330063,12,"{0: [], 1: [G, O, O, O, O, O, O, O, O, O, O, N, E], 2: [O, N, E, O, O, O, O, O, G, O, O, O, O, O], 3: [E], 4: [], 5: [E], 6: [G], 7: [], 8: [E], 9: [], 10: [G], 11: []}","{0: [], 1: [(L, O), (J, O), (I, O), (M, O), (F, O), (H, O), (D, O), (B, O), (C, O), (A, O), (K, N)], 2: [(M, O), (K, N), (I, O)], 3: [], 4: [], 5: [], 6: [], 7: [], 8: [], 9: [], 10: [], 11: []}","{1: [A, B, C, D, E, F, G, H, I, J, K, L, M, N, O], 2: [L, J, G, I, M, F, H, O, D, B, C, A, N, E, K], 3: [M, K, C, I, N, E, H, O, G, D, J, B, A, L, F], 4: [B, N, M, I, F, E, K, G, O, L, A, D, J, H, C], 5: [C, I, K, G, B, H, O, M, F, E, J, L, D, A, N], 6: [C, O, K, H, F, D, B, E, A, N, L, G, J, I, M], 7: [C, E, H, K, L, J, M, O, G, A, F, D, B, N, I], 8: [K, H, E, N, C, L, F, J, I, M, O, B, A, D, G], 9: [K, M, I, A, L, C, B, N, G, J, D, H, F, O, E], 10: [D, A, N, G, L, M, C, E, J, K, F, I, O, B, H], 11: [B, C, D, A, J, E, I, F, H, M, K, L, G, O, N]}"
11,24,0.28075176518631395,42,0.1942402404877523,0.15748105677756927,0.33658272496510655,1,0.1,0.0004942190718617012,13,"{0: [], 1: [K, K, K, K, K, K, K, K, K, K, K, K, K, K, G, I], 2: [K, I, K, G], 3: [I, G], 4: [G, I], 5: [I, G], 6: [I], 7: [], 8: [], 9: [], 10: [], 11: []}","{0: [], 1: [(E, K), (J, K), (B, K), (C, K), (A, K), (D, K), (F, K), (H, K)], 2: [(F, K)], 3: [], 4: [], 5: [], 6: [], 7: [], 8: [], 9: [], 10: [], 11: []}","{1: [A, B, C, D, E, F, G, H, I, J, K], 2: [K, E, J, B, C, G, A, D, F, H, I], 3: [D, J, C, A, I, K, G, E, B, H, F], 4: [A, I, B, J, F, C, H, G, D, E, K], 5: [B, F, G, H, E, K, C, I, J, D, A], 6: [E, B, C, A, I, J, K, F, G, D, H], 7: [G, E, K, D, I, J, C, H, B, F, A], 8: [J, E, H, G, K, C, D, I, F, B, A], 9: [J, B, I, H, F, D, K, C, A, E, G], 10: [H, A, C, D, I, E, J, G, B, K, F], 11: [I, J, G, D, A, K, H, E, C, B, F]}"
6,23,0.20268694948913665,33,0.0889693261357453,0.3571270407807149,0.39181690078470466,1,0.1,0.11231543346218359,9,"{0: [], 1: [C, B, F, F, F, F, F, F, F, F, F, F, F, F, F, F, F, F, F, F, E, D], 2: [D, E, F, C], 3: [C, D, E], 4: [C, D, E], 5: [C, E, D], 6: [C, D], 7: [D], 8: [], 9: [], 10: [], 11: []}","{0: [], 1: [(A, F)], 2: [(B, F)], 3: [], 4: [], 5: [], 6: [], 7: [], 8: [], 9: [], 10: [], 11: []}","{1: [A, B, C, D, E, F], 2: [A, C, B, F, E, D], 3: [D, E, F, A, C, B], 4: [F, C, D, E, B, A], 5: [C, B, D, A, F, E], 6: [F, B, C, E, D, A], 7: [F, C, D, E, B, A], 8: [C, E, B, F, D, A], 9: [A, E, D, F, C, B], 10: [D, C, F, E, B, A], 11: [D, F, B, E, C, A]}"
11,25,0.701944630438865,39,0.2538328213996818,0.16913894322855721,0.14411207428563955,3,0.1,0.36643003924587775,14,"{0: [], 1: [J, K, K, K, K, K, K, K, K, K, K, K, K, K, K, K, E, D], 2: [J, E], 3: [E, J], 4: [E, J], 5: [J, E], 6: [E], 7: [], 8: [], 9: [], 10: [], 11: []}","{0: [], 1: [(C, K), (H, K), (I, K), (G, K), (A, K), (B, K), (F, K)], 2: [(D, K)], 3: [], 4: [], 5: [], 6: [], 7: [], 8: [], 9: [], 10: [], 11: []}","{1: [A, B, C, D, E, F, G, H, I, J, K], 2: [C, J, K, E, H, I, D, G, A, B, F], 3: [K, C, H, F, G, J, B, I, E, A, D], 4: [E, I, A, D, B, C, K, H, J, F, G], 5: [I, C, E, K, G, J, D, H, F, B, A], 6: [F, C, J, I, H, G, A, B, D, K, E], 7: [A, K, F, C, H, J, D, B, I, E, G], 8: [D, H, G, F, J, A, I, C, E, B, K], 9: [F, G, J, A, I, C, B, E, D, H, K], 10: [D, F, B, I, J, A, K, C, E, H, G], 11: [D, E, H, F, I, K, C, J, G, B, A]}"
10,12,0.2534483227670367,42,0.18686010928896957,0.4407739799366247,0.4955520817400184,2,0.1,0.28226485565385695,16,"{0: [], 1: [J, J, J, G, I], 2: [J, G, J, J, I, J, J, J], 3: [J, J, J, I, G, J, I, J], 4: [J, J, I, J, J, I, J], 5: [I], 6: [], 7: [D, H], 8: [], 9: [H], 10: [H], 11: []}","{0: [], 1: [(A, J), (H, I), (E, J), (G, J), (B, J), (C, J), (F, J), (D, G), (I, J)], 2: [(D, G), (H, I), (I, J), (B, J)], 3: [(H, I), (D, G), (I, H), (B, J)], 4: [(I, H), (D, G), (H, I)], 5: [(H, I), (I, H), (G, I)], 6: [(H, I)], 7: [], 8: [], 9: [], 10: [], 11: []}","{1: [A, B, C, D, E, F, G, H, I, J], 2: [J, A, H, E, G, B, C, F, D, I], 3: [D, A, G, H, F, C, I, E, B, J], 4: [H, D, A, J, G, C, F, I, E, B], 5: [G, A, E, I, F, C, J, D, B, H], 6: [B, J, F, E, D, A, C, H, I, G], 7: [I, F, B, D, A, G, H, C, E, J], 8: [G, J, C, A, I, D, H, F, E, B], 9: [E, F, B, A, C, J, I, D, G, H], 10: [J, C, A, F, H, G, E, I, D, B], 11: [D, H, I, A, F, G, J, E, C, B]}"
14,16,0.2761554590026656,48,0.24012653587507587,0.19159049893634414,0.31748410410548045,2,0.1,0.44016875857593246,10,"{0: [], 1: [I, K, M, N, N, N, J, L], 2: [N, L, J, N, K, K, M, M, N, N, I], 3: [I, K, M, N, M, L, N, N, N], 4: [L, I, K, M], 5: [K, M, L], 6: [I, M, L], 7: [K, L], 8: [K, I, N, L], 9: [L, M], 10: [L, I], 11: [I, L]}","{0: [], 1: [(A, N), (D, M), (E, M), (K, H), (B, M), (M, N), (G, J), (C, N), (F, N), (H, N), (J, N)], 2: [(M, N), (K, B), (J, N)], 3: [(K, B), (J, N), (B, N), (K, N)], 4: [], 5: [], 6: [], 7: [], 8: [], 9: [], 10: [], 11: []}","{1: [A, B, C, D, E, F, G, H, I, J, K, L, M, N], 2: [A, D, E, I, K, B, M, G, N, C, F, H, J, L], 3: [F, L, G, B, C, M, H, K, D, E, A, J, N, I], 4: [I, K, D, N, E, G, L, J, F, M, C, A, B, H], 5: [L, I, G, K, M, C, D, N, F, E, J, H, A, B], 6: [A, N, B, K, D, F, C, I, J, L, H, E, G, M], 7: [H, I, E, K, D, G, L, J, N, F, A, C, B, M], 8: [K, H, A, F, E, I, G, N, B, M, D, J, L, C], 9: [A, K, F, M, H, E, B, J, I, G, D, C, L, N], 10: [C, A, E, H, L, N, I, G, F, D, B, M, K, J], 11: [L, J, N, G, A, K, M, I, C, F, D, H, E, B]}"
11,24,0.2365897738757762,54,0.2895860620366407,0.4187600650666746,0.34236594549435806,1,0.1,0.48651466998494797,11,"{0: [], 1: [K, K, K, K, K, K, K, K, K, K, K, K, K, K], 2: [K, K, K, K, K, K, K, K, K, K, K, K, K, K, K, K, K, K, K, K, K, K, K, K]}","{0: [], 1: [(A, K), (E, K), (H, K), (J, K), (F, K), (C, K), (G, K), (B, K), (I, K), (D, K)], 2: []}","{1: [A, B, C, D, E, F, G, H, I, J, K], 2: [A, E, K, H, J, F, C, G, B, I, D]}"
7,14,0.3369428250402242,40,0.2445524638093366,0.12960329364681888,0.2892298893079329,3,0.1,0.4557066151489169,17,"{0: [], 1: [F, G, G, G, G, G, G, G, G], 2: [G, G, G, G, G, G, G, G, F, G, G, G, G], 3: [], 4: [], 5: [], 6: [], 7: [], 8: [], 9: [], 10: [], 11: []}","{0: [], 1: [(F, C), (B, G), (A, G), (D, G), (E, G), (C, G)], 2: [(F, G)], 3: [], 4: [], 5: [], 6: [], 7: [], 8: [], 9: [], 10: [], 11: []}","{1: [A, B, C, D, E, F, G], 2: [F, B, A, G, D, E, C], 3: [G, F, D, B, A, C, E], 4: [F, D, B, E, C, A, G], 5: [A, F, G, E, B, D, C], 6: [G, E, B, D, F, A, C], 7: [A, F, B, E, G, D, C], 8: [E, D, G, A, B, C, F], 9: [B, F, A, C, E, D, G], 10: [A, F, E, G, B, D, C], 11: [G, F, A, D, C, E, B]}"
14,17,0.5674112571347364,46,0.09434012068574958,0.454172895753727,0.4041782042889327,2,0.1,0.27747898778356306,18,"{0: [], 1: [A, N, N, N, N, G], 2: [J, A, N, N, N, N, N, N, I, N, N, N, N, N, G], 3: [D, I, A, G, J], 4: [G, A, D, I], 5: [G, D, I, A], 6: [G, A], 7: [G, A], 8: [A, I, G], 9: [G], 10: [], 11: [A]}","{0: [], 1: [(E, N), (H, N), (J, N), (I, N), (F, N), (L, N), (B, N), (M, N), (C, N), (K, N), (D, N)], 2: [(E, N), (D, N)], 3: [], 4: [], 5: [], 6: [], 7: [], 8: [], 9: [], 10: [], 11: []}","{1: [A, B, C, D, E, F, G, H, I, J, K, L, M, N], 2: [E, A, N, H, J, I, G, F, L, B, M, C, K, D], 3: [J, A, E, L, M, F, B, C, K, I, D, N, H, G], 4: [M, H, F, D, I, N, C, B, A, K, G, E, J, L], 5: [H, B, G, A, C, D, F, M, I, J, K, N, E, L], 6: [E, K, N, M, L, G, B, F, D, I, A, H, J, C], 7: [B, G, D, K, L, N, E, A, C, M, H, J, F, I], 8: [C, L, E, M, G, N, H, A, I, B, F, D, J, K], 9: [L, F, C, J, A, I, G, H, D, K, N, B, E, M], 10: [I, L, K, G, E, N, F, M, C, H, D, B, A, J], 11: [F, N, L, D, G, B, M, I, K, E, J, C, H, A]}"
12,20,0.7326084763261229,30,0.17171433133648556,0.12879447916321585,0.42063396429490196,3,0.1,0.23610617574105636,14,"{0: [], 1: [H, L, L, L, L, L, L, L, L, L, B, D, J], 2: [J, L, L, L, L, B, H, L, L, L], 3: [J, B, H], 4: [J], 5: [H], 6: [], 7: [J], 8: [], 9: [], 10: [D], 11: []}","{0: [], 1: [(K, L), (A, L), (E, L), (C, L), (G, L), (I, L), (F, L)], 2: [(A, L)], 3: [], 4: [], 5: [], 6: [], 7: [], 8: [], 9: [], 10: [], 11: []}","{1: [A, B, C, D, E, F, G, H, I, J, K, L], 2: [H, L, K, A, B, D, E, C, G, I, J, F], 3: [J, L, B, G, H, A, E, D, F, K, I, C], 4: [G, J, B, I, E, L, F, H, C, D, K, A], 5: [B, H, C, D, K, L, I, J, A, F, G, E], 6: [C, A, D, H, J, I, E, B, K, F, G, L], 7: [J, D, E, A, C, B, G, K, L, H, I, F], 8: [E, K, D, L, B, C, J, H, G, F, A, I], 9: [F, D, C, L, I, A, H, G, B, E, J, K], 10: [G, L, E, K, F, H, A, B, J, D, I, C], 11: [C, I, J, H, B, L, E, G, D, A, K, F]}"
4,37,0.27413662690508755,47,0.26626956129902957,0.20463485907990187,0.35533662754738626,2,0.1,0.21429918410471843,10,"{0: [], 1: [B, C, D, D, D, D, D, D, D, D, D, D, D, D, D, D, D, D, D, D, D, D, D, D, D, D, D, D, D, D, D, D, D, D, D, D], 2: [B], 3: [C], 4: [], 5: [C], 6: [], 7: [], 8: [B], 9: [], 10: [C], 11: [B]}","{0: [], 1: [(A, D)], 2: [], 3: [], 4: [], 5: [], 6: [], 7: [], 8: [], 9: [], 10: [], 11: []}","{1: [A, B, C, D], 2: [B, A, C, D], 3: [C, B, A, D], 4: [A, B, C, D], 5: [D, A, B, C], 6: [A, C, B, D], 7: [B, A, D, C], 8: [D, C, A, B], 9: [B, D, A, C], 10: [B, D, C, A], 11: [D, C, B, A]}"
7,17,0.2242913173781008,41,0.15872347731526942,0.36594640165578296,0.469412247781144,1,0.1,0.24566011571132446,11,"{0: [], 1: [C, G, G, G, G, G, G, G, G, G, G, G, F], 2: [G, F, G, G, G, G, G, G, G, G, G, G], 3: [], 4: [F], 5: [], 6: [], 7: [], 8: [], 9: [], 10: [], 11: [F]}","{0: [], 1: [(E, G), (D, G), (B, G), (A, G)], 2: [(C, G), (D, G)], 3: [], 4: [], 5: [], 6: [], 7: [], 8: [], 9: [], 10: [], 11: []}","{1: [A, B, C, D, E, F, G], 2: [E, D, C, B, A, G, F], 3: [C, B, F, E, G, D, A], 4: [F, G, C, A, E, D, B], 5: [A, B, D, C, F, G, E], 6: [C, E, A, B, F, G, D], 7: [F, D, B, G, C, E, A], 8: [F, C, D, A, G, B, E], 9: [A, B, D, E, C, G, F], 10: [D, E, F, B, A, G, C], 11: [G, D, F, A, E, B, C]}"
12,14,0.657556431370944,41,0.10563824602317849,0.17074086284197493,0.34667055820793546,3,0.1,0.09756343117297056,6,"{0: [], 1: [L, L, L, J], 2: [J, L, L, L, L, L, L, L, L], 3: [L, L, J, L, L], 4: [J], 5: [J], 6: [], 7: [], 8: [], 9: [], 10: [], 11: []}","{0: [], 1: [(B, L), (C, L), (F, L), (G, L), (I, L), (H, L), (A, L), (K, L), (D, L), (E, L)], 2: [(G, L), (C, L), (I, L), (E, L)], 3: [(I, L)], 4: [], 5: [], 6: [], 7: [], 8: [], 9: [], 10: [], 11: []}","{1: [A, B, C, D, E, F, G, H, I, J, K, L], 2: [B, C, F, G, I, H, L, A, K, J, D, E], 3: [G, J, A, K, H, C, L, D, B, I, E, F], 4: [G, K, D, A, B, J, C, I, F, L, E, H], 5: [G, J, K, F, E, A, D, H, C, L, B, I], 6: [E, A, J, K, B, F, L, G, I, C, H, D], 7: [C, H, K, I, J, G, L, E, A, D, F, B], 8: [B, D, K, G, A, E, C, F, H, J, I, L], 9: [L, H, G, C, J, B, D, K, I, A, F, E], 10: [L, A, E, J, C, G, F, H, I, D, B, K], 11: [C, G, K, D, B, F, E, H, J, I, L, A]}"
11,19,0.31815792138661303,38,0.054838496829379954,0.45821852638072513,0.1263305859890124,2,0.1,0.21323433167779487,10,"{0: [], 1: [C, E, J, K, K, K, K, K, K, K, K, K, H], 2: [K, K, H, J, K, K, K, K, K, K, K, K, K, K, C, J, K, K, E], 3: [J, C, H, J], 4: [C, H], 5: [C, H], 6: [], 7: [E], 8: [], 9: [], 10: [H], 11: [J, J]}","{0: [], 1: [(A, K), (B, J), (F, K), (D, K), (I, K), (G, K)], 2: [], 3: [], 4: [], 5: [], 6: [], 7: [], 8: [], 9: [], 10: [], 11: []}","{1: [A, B, C, D, E, F, G, H, I, J, K], 2: [C, E, A, B, F, J, D, K, I, H, G], 3: [F, D, H, B, A, K, C, J, I, G, E], 4: [A, B, C, G, H, E, F, I, D, J, K], 5: [A, J, B, I, D, K, G, C, E, H, F], 6: [D, A, F, G, B, K, C, H, E, J, I], 7: [I, D, C, G, H, F, K, E, A, B, J], 8: [G, C, K, I, H, D, F, J, B, E, A], 9: [K, J, E, B, H, A, I, F, G, D, C], 10: [J, I, F, D, B, H, G, C, K, A, E], 11: [J, K, B, D, G, C, F, E, I, A, H]}"
16,23,0.5369222078104283,42,0.06948998469614169,0.4548309269527061,0.27984577065323324,1,0.1,0.3369512353635402,13,"{0: [], 1: [O, P, P, P, P, P, P, P, P, L], 2: [O, P, P, P, L, P, P, P, P, P, P], 3: [O, C, L], 4: [O, L], 5: [], 6: [], 7: [O], 8: [], 9: [O], 10: [], 11: []}","{0: [], 1: [(J, P), (K, P), (G, P), (H, P), (M, P), (D, P), (E, P), (B, P), (A, P), (N, P), (I, P), (C, P), (F, P)], 2: [(D, P), (C, P)], 3: [], 4: [], 5: [], 6: [], 7: [], 8: [], 9: [], 10: [], 11: []}","{1: [A, B, C, D, E, F, G, H, I, J, K, L, M, N, O, P], 2: [J, O, K, G, H, M, D, E, P, B, A, N, I, C, F, L], 3: [O, G, H, N, I, D, A, B, F, J, C, E, L, P, K, M], 4: [E, G, H, F, K, B, O, A, C, M, L, I, D, P, J, N], 5: [D, M, A, O, L, N, H, I, G, K, B, C, F, J, P, E], 6: [P, C, M, N, G, E, L, K, F, H, O, A, J, B, D, I], 7: [E, L, K, N, B, C, G, I, M, F, O, D, P, J, A, H], 8: [B, D, G, M, I, J, F, C, H, A, P, O, E, L, N, K], 9: [D, I, N, F, E, G, P, A, K, J, M, B, H, L, C, O], 10: [I, F, K, C, D, E, M, B, L, H, N, A, J, P, O, G], 11: [A, P, O, N, F, H, I, G, J, K, C, D, B, E, L, M]}"
10,31,0.5848463304720285,49,0.15865922434154628,0.22110907831176949,0.32279378173938805,2,0.1,0.19201850754329447,13,"{0: [], 1: [A, J, J, J, J, J, J, J, J, J, J, J, J, J, J, J, J, J, J, J, J, J, J, G], 2: [A, G], 3: [G, A], 4: [G, A], 5: [A, G], 6: [A], 7: [], 8: [], 9: [A], 10: [], 11: []}","{0: [], 1: [(D, J), (E, J), (C, J), (H, J), (F, J), (I, J), (B, J)], 2: [], 3: [], 4: [], 5: [], 6: [], 7: [], 8: [], 9: [], 10: [], 11: []}","{1: [A, B, C, D, E, F, G, H, I, J], 2: [D, E, A, C, H, F, I, B, J, G], 3: [J, D, A, I, C, F, H, E, B, G], 4: [I, E, H, J, B, F, C, G, A, D], 5: [G, F, J, H, B, C, E, A, I, D], 6: [A, E, I, D, B, G, C, F, J, H], 7: [E, F, B, D, C, I, J, A, H, G], 8: [F, D, B, H, A, C, E, G, I, J], 9: [G, C, E, F, J, I, H, A, D, B], 10: [F, C, D, E, I, A, J, G, H, B], 11: [A, E, J, B, H, F, D, C, I, G]}"
10,20,0.31516791274002237,48,0.25951616739576877,0.31013248053502007,0.1432402764311493,1,0.1,0.19267292743043202,10,"{0: [], 1: [F, B, G, J, J, J, J, J, J, J, J, J, J, J, D], 2: [F, B, D, J, J, J, J, G], 3: [B, G, D, F], 4: [F, D, G, B], 5: [D, F, G, B], 6: [G, B, D, F], 7: [F, B, G, D], 8: [F], 9: [B], 10: [G, D], 11: []}","{0: [], 1: [(A, J), (C, J), (H, J), (I, J), (E, J)], 2: [], 3: [], 4: [], 5: [], 6: [], 7: [], 8: [], 9: [], 10: [], 11: []}","{1: [A, B, C, D, E, F, G, H, I, J], 2: [F, A, B, C, G, J, H, D, I, E], 3: [E, F, B, A, D, I, J, H, C, G], 4: [H, B, G, E, D, F, C, A, J, I], 5: [J, F, H, A, D, G, I, C, B, E], 6: [J, A, D, F, H, C, G, B, E, I], 7: [C, G, B, H, J, D, A, E, F, I], 8: [E, C, F, B, J, I, G, A, H, D], 9: [C, I, J, H, D, E, B, G, A, F], 10: [J, F, I, B, H, G, C, E, D, A], 11: [B, C, G, J, D, F, E, A, I, H]}"
4,22,0.6845771259542077,53,0.23619921261777865,0.19327879911075457,0.10658370504345545,2,0.1,0.2673648446382549,8,"{0: [], 1: [D, D, D, D, D, D, D, D, D, D, D, D, D, D, D, D, D, D, D, A, B], 2: [A, B], 3: [B, A], 4: [A, B], 5: [B], 6: [B], 7: [B], 8: [B], 9: [], 10: [], 11: []}","{0: [], 1: [(C, D)], 2: [], 3: [], 4: [], 5: [], 6: [], 7: [], 8: [], 9: [], 10: [], 11: []}","{1: [A, B, C, D], 2: [D, A, B, C], 3: [C, A, B, D], 4: [B, A, C, D], 5: [A, D, B, C], 6: [A, B, C, D], 7: [B, C, D, A], 8: [D, C, B, A], 9: [C, B, D, A], 10: [B, D, C, A], 11: [B, D, C, A]}"
10,21,0.6883258215401313,33,0.19727985593697522,0.3678683581112323,0.12682766486491592,2,0.1,0.15527472369933482,9,"{0: [], 1: [F, J, J, J, J, J, J, J, J, J, J, J, J, C, I, A], 2: [J, J, J, J, J, J, J, J, J, J, J, J, J, I, A, J, F], 3: [A, I, F], 4: [], 5: [], 6: [A, F], 7: [], 8: [I], 9: [F, A], 10: [F], 11: []}","{0: [], 1: [(E, J), (H, J), (D, J), (G, J), (B, J)], 2: [(C, J)], 3: [], 4: [], 5: [], 6: [], 7: [], 8: [], 9: [], 10: [], 11: []}","{1: [A, B, C, D, E, F, G, H, I, J], 2: [F, E, J, C, H, D, G, I, B, A], 3: [C, E, D, J, I, A, B, F, H, G], 4: [B, J, A, C, E, H, G, I, D, F], 5: [B, F, J, I, G, C, D, H, E, A], 6: [D, G, F, E, I, C, H, J, B, A], 7: [H, J, B, A, F, G, C, E, I, D], 8: [A, H, I, F, J, B, D, G, E, C], 9: [C, A, G, D, I, B, J, E, F, H], 10: [D, B, G, C, I, E, H, F, J, A], 11: [D, J, I, H, A, F, B, E, G, C]}"
13,17,0.4278705067127765,40,0.0651391591916541,0.3489912196862338,0.32556066357340496,2,0.1,0.014328777780937385,11,"{0: [], 1: [G, M, M, M, M, M, L], 2: [M, M, M, M, M, M, M, L, G, M, M, M, M, M, M, M], 3: [G], 4: [G], 5: [G], 6: [], 7: [G], 8: [], 9: [], 10: [], 11: []}","{0: [], 1: [(A, M), (F, M), (I, M), (K, M), (H, M), (B, M), (J, M), (D, M), (C, M), (E, M), (L, I)], 2: [(L, M)], 3: [], 4: [], 5: [], 6: [], 7: [], 8: [], 9: [], 10: [], 11: []}","{1: [A, B, C, D, E, F, G, H, I, J, K, L, M], 2: [A, F, G, I, K, H, B, J, D, C, M, E, L], 3: [K, C, D, J, H, E, A, L, G, I, B, M, F], 4: [E, G, H, K, I, D, M, J, L, C, A, F, B], 5: [J, L, B, D, F, I, A, C, H, M, K, G, E], 6: [C, K, D, H, F, E, B, L, G, A, I, J, M], 7: [E, A, H, G, M, B, F, J, L, D, I, C, K], 8: [I, E, C, F, L, J, M, D, B, H, K, A, G], 9: [A, D, K, J, G, B, M, C, F, I, L, E, H], 10: [K, F, B, L, I, M, G, E, J, D, C, H, A], 11: [M, L, C, B, D, F, K, J, A, I, G, E, H]}"
11,28,0.4356862968795152,59,0.072554482233142,0.22373431793369167,0.13308474577919902,1,0.1,0.060522749496319306,13,"{0: [], 1: [K, K, K, K, K, K, K, K, K, K, K, K, K, K, K, K, K, K, F, E], 2: [E, F], 3: [F], 4: [], 5: [E, F], 6: [F], 7: [F], 8: [E], 9: [], 10: [], 11: []}","{0: [], 1: [(I, K), (H, K), (G, K), (B, K), (A, K), (J, K), (C, K), (D, K)], 2: [], 3: [], 4: [], 5: [], 6: [], 7: [], 8: [], 9: [], 10: [], 11: []}","{1: [A, B, C, D, E, F, G, H, I, J, K], 2: [K, I, H, G, B, A, J, C, F, E, D], 3: [H, B, A, K, I, G, J, C, D, E, F], 4: [G, A, E, H, J, I, C, D, K, F, B], 5: [B, C, F, D, I, G, K, A, H, J, E], 6: [G, B, E, J, H, I, K, C, A, D, F], 7: [A, I, G, F, H, D, C, B, E, J, K], 8: [G, E, I, C, F, K, H, J, A, B, D], 9: [K, A, H, E, I, G, J, D, B, C, F], 10: [A, J, I, D, K, C, B, E, H, G, F], 11: [F, J, K, H, E, C, I, D, B, G, A]}"
5,24,0.534364149946689,43,0.2508869637373452,0.26914600318575455,0.3636102709924506,3,0.1,0.1434508175893619,15,"{0: [], 1: [E, E, E, E, E, E, E, E, E, E, E, E, E, E, E, E, E, E, E, E], 2: [], 3: [], 4: [], 5: [], 6: [], 7: [], 8: [], 9: [], 10: [], 11: []}","{0: [], 1: [(A, E), (C, E), (D, E), (B, E)], 2: [], 3: [], 4: [], 5: [], 6: [], 7: [], 8: [], 9: [], 10: [], 11: []}","{1: [A, B, C, D, E], 2: [A, C, E, D, B], 3: [C, E, D, B, A], 4: [E, C, A, B, D], 5: [B, D, A, C, E], 6: [C, E, B, A, D], 7: [A, C, D, E, B], 8: [D, B, E, C, A], 9: [B, E, A, D, C], 10: [A, E, C, B, D], 11: [E, D, A, C, B]}"
11,29,0.6400419423688822,51,0.20788246296591817,0.3593894610468735,0.426481733373712,1,0.1,0.11203347159775207,16,"{0: [], 1: [G, E, A, K, K, K, K, K, K, K, K, K, K, K, K, K, K, K, K, K, K, K, C], 2: [E, A], 3: [A, G], 4: [E, C], 5: [E], 6: [A], 7: [], 8: [E], 9: [], 10: [], 11: []}","{0: [], 1: [(J, K), (D, K), (I, K), (H, K), (F, K), (B, K)], 2: [], 3: [], 4: [], 5: [], 6: [], 7: [], 8: [], 9: [], 10: [], 11: []}","{1: [A, B, C, D, E, F, G, H, I, J, K], 2: [J, D, I, G, E, A, H, F, K, C, B], 3: [C, G, H, E, J, F, I, B, D, K, A], 4: [K, D, B, A, E, H, C, I, J, F, G], 5: [K, I, A, E, D, J, B, C, F, H, G], 6: [E, H, C, K, A, J, D, B, I, G, F], 7: [F, D, C, J, I, E, H, B, A, G, K], 8: [K, C, A, F, E, D, J, I, H, G, B], 9: [D, I, A, F, K, B, H, E, C, J, G], 10: [B, A, D, C, G, K, E, H, I, F, J], 11: [B, J, C, G, E, K, I, A, F, D, H]}"
10,15,0.681014483597157,32,0.11642731766941693,0.24822374282895573,0.3822312698752618,2,0.1,0.46094623429279014,9,"{0: [], 1: [J, J, J, J, J, J, F], 2: [J, J, J], 3: [J, J, J]}","{0: [], 1: [(A, J), (C, J), (B, J), (G, J), (H, J), (D, J), (I, J), (E, J)], 2: [(F, J)], 3: []}","{1: [A, B, C, D, E, F, G, H, I, J], 2: [A, C, B, G, H, D, J, F, I, E], 3: [H, A, F, B, D, I, C, E, J, G]}"
7,22,0.5277446816676942,44,0.11124724047023866,0.4433141791598909,0.14117661448486152,2,0.1,0.13697850625285235,9,"{0: [], 1: [A, F, G, G, G, G, G, G, G, G, G, G, G, G, G, G, G, G, B], 2: [B], 3: [B], 4: [B], 5: [B], 6: [B], 7: [B], 8: [B], 9: [], 10: [], 11: []}","{0: [], 1: [(D, G), (C, G), (E, G)], 2: [(F, G), (A, G)], 3: [], 4: [], 5: [], 6: [], 7: [], 8: [], 9: [], 10: [], 11: []}","{1: [A, B, C, D, E, F, G], 2: [D, C, A, F, G, B, E], 3: [C, B, F, G, A, D, E], 4: [D, F, A, B, C, E, G], 5: [D, F, G, E, C, B, A], 6: [C, G, A, B, E, D, F], 7: [F, A, C, B, G, E, D], 8: [A, G, D, C, F, B, E], 9: [A, C, F, B, E, G, D], 10: [E, A, F, D, G, C, B], 11: [C, E, D, F, A, B, G]}"
10,16,0.4588719465958263,39,0.16861057054216766,0.12093705306168126,0.3188476959709503,1,0.1,0.05055423892183286,7,"{0: [], 1: [F, E, J, J, J, J, J, J, J], 2: [I, J, J, J, J, J, J, J, J], 3: [I], 4: [], 5: [I], 6: [], 7: [], 8: [], 9: [], 10: [], 11: []}","{0: [], 1: [(C, J), (A, J), (I, J), (H, J), (G, J), (D, J), (B, J)], 2: [(F, I), (I, J), (E, J), (B, J)], 3: [(F, I)], 4: [(F, I)], 5: [], 6: [], 7: [], 8: [], 9: [], 10: [], 11: []}","{1: [A, B, C, D, E, F, G, H, I, J], 2: [C, A, I, F, H, G, D, B, E, J], 3: [F, I, C, H, J, E, B, A, D, G], 4: [G, I, H, B, D, E, C, F, J, A], 5: [G, F, B, H, C, I, E, A, D, J], 6: [J, F, A, E, D, H, G, C, B, I], 7: [B, I, A, E, D, H, J, F, C, G], 8: [F, C, I, D, H, G, J, A, E, B], 9: [E, H, F, J, G, C, A, D, I, B], 10: [H, C, I, J, E, A, F, G, D, B], 11: [G, H, I, F, J, E, C, D, A, B]}"
16,24,0.6733169643105158,42,0.07453549078478942,0.229079289981408,0.3997648263302168,1,0.1,0.034920613352780516,7,"{0: [], 1: [M, E, I, P, P, P, P, P, P, P, P, P], 2: [P, P, P, P, P, P, M, E, P, P, P, P, P, P, P, P, P, P, P, P, P, I], 3: [I, M, E], 4: [M], 5: [E], 6: [M], 7: [], 8: [M, E], 9: [], 10: [], 11: []}","{0: [], 1: [(C, P), (H, P), (L, P), (G, P), (F, P), (D, P), (N, P), (J, P), (O, P), (A, P), (B, P), (K, P)], 2: [], 3: [], 4: [], 5: [], 6: [], 7: [], 8: [], 9: [], 10: [], 11: []}","{1: [A, B, C, D, E, F, G, H, I, J, K, L, M, N, O, P], 2: [C, M, H, L, G, E, F, D, I, N, J, O, P, A, B, K], 3: [K, O, N, H, B, C, L, M, E, D, P, G, A, F, J, I], 4: [J, H, I, B, C, L, P, O, D, M, N, F, K, G, E, A], 5: [D, A, O, H, M, F, C, K, N, L, P, J, G, E, B, I], 6: [O, L, M, J, A, D, G, B, E, N, I, F, H, C, K, P], 7: [H, P, O, K, C, F, B, G, M, E, I, J, D, A, N, L], 8: [H, L, F, J, K, I, A, N, O, C, M, G, P, D, B, E], 9: [D, G, K, H, O, L, N, A, I, J, M, E, P, B, C, F], 10: [O, G, C, B, J, D, E, K, L, F, P, I, H, M, N, A], 11: [M, O, L, H, B, J, D, K, I, A, G, E, P, N, F, C]}"
16,18,0.5615328098862569,45,0.18951890266200722,0.21390286077500997,0.30400479520065105,3,0.1,0.17199592793962026,11,"{0: [], 1: [O, P, P, P], 2: [E, P, P, P, P, P, P, P, P, P, P, P, P, O, P, P], 3: [O], 4: [E, O], 5: [O], 6: [O], 7: [O], 8: [], 9: [], 10: [], 11: []}","{0: [], 1: [(C, P), (L, P), (I, P), (A, P), (O, P), (D, P), (E, P), (M, O), (B, P), (K, P), (N, P), (F, P), (G, P), (H, P), (J, P)], 2: [(K, P), (O, P)], 3: [(O, P), (K, P)], 4: [], 5: [], 6: [], 7: [], 8: [], 9: [], 10: [], 11: []}","{1: [A, B, C, D, E, F, G, H, I, J, K, L, M, N, O, P], 2: [C, L, I, A, O, D, E, M, B, K, N, F, G, P, H, J], 3: [E, K, A, G, P, O, C, L, H, D, N, J, I, M, B, F], 4: [G, A, B, F, N, I, O, M, J, C, D, E, L, K, P, H], 5: [J, F, I, P, N, E, G, K, L, H, A, O, C, M, D, B], 6: [H, F, N, J, O, M, A, L, K, B, D, E, I, P, C, G], 7: [L, B, N, M, G, K, D, J, H, P, O, A, F, E, I, C], 8: [H, G, J, A, F, L, B, N, E, P, M, D, O, I, K, C], 9: [K, D, O, N, G, M, E, B, P, L, C, F, H, I, A, J], 10: [M, K, L, P, D, N, G, A, I, H, F, J, C, O, B, E], 11: [J, B, P, L, O, I, M, C, E, D, K, A, N, H, G, F]}"
11,15,0.5011720188769146,53,0.2657506077102292,0.48096254342291267,0.2908781344132282,2,0.1,0.4624953051216153,8,"{0: [], 1: [K, K, K, K, K], 2: [K, K, K, K, K, K, K, K], 3: [], 4: []}","{0: [], 1: [(A, K), (B, K), (D, K), (G, K), (J, K), (F, K), (I, K), (C, K), (E, K), (H, K)], 2: [(G, K), (B, K)], 3: [(B, K)], 4: []}","{1: [A, B, C, D, E, F, G, H, I, J, K], 2: [A, B, D, G, J, F, I, C, E, H, K], 3: [A, D, K, F, J, G, C, H, I, B, E], 4: [J, E, G, K, H, A, B, C, D, F, I]}"
8,13,0.6557074648387886,52,0.21954363103608832,0.2513235409906537,0.2644901563769527,1,0.1,0.2353966746920207,13,"{0: [], 1: [H, H, H, H, H, H], 2: [H, H, H, D, H, H, H, H, H], 3: [D], 4: [D], 5: [D], 6: [D], 7: [D], 8: [D], 9: [D], 10: [D], 11: []}","{0: [], 1: [(F, H), (C, H), (A, H), (B, H), (D, H), (G, H), (E, H)], 2: [(E, H)], 3: [], 4: [], 5: [], 6: [], 7: [], 8: [], 9: [], 10: [], 11: []}","{1: [A, B, C, D, E, F, G, H], 2: [H, F, C, A, B, D, G, E], 3: [B, F, C, D, H, G, E, A], 4: [A, G, E, B, C, H, D, F], 5: [G, D, A, H, C, F, B, E], 6: [C, F, B, D, G, H, A, E], 7: [H, A, C, E, D, G, B, F], 8: [C, G, D, B, E, H, F, A], 9: [H, G, D, C, F, E, B, A], 10: [F, G, A, C, H, B, E, D], 11: [B, G, H, C, E, F, D, A]}"
11,17,0.31762589309080247,57,0.21902523141785218,0.21687286047271206,0.41498469587837716,1,0.1,0.07263242070421688,10,"{0: [], 1: [G, K, K, K, K, K, K, K], 2: [K, K, G, K, K, K, K], 3: [G], 4: [G], 5: [G], 6: [G], 7: [G], 8: [G], 9: [G], 10: [], 11: []}","{0: [], 1: [(A, K), (C, K), (E, K), (D, K), (H, K), (B, K), (I, K), (F, K), (J, K)], 2: [(F, K), (D, K)], 3: [], 4: [], 5: [], 6: [], 7: [], 8: [], 9: [], 10: [], 11: []}","{1: [A, B, C, D, E, F, G, H, I, J, K], 2: [G, A, C, E, D, H, B, I, F, K, J], 3: [C, B, I, F, H, E, G, D, J, A, K], 4: [J, C, A, B, F, I, D, E, H, G, K], 5: [H, B, I, K, C, A, F, E, G, D, J], 6: [G, E, D, I, K, J, H, C, B, A, F], 7: [D, K, J, F, I, C, G, B, E, H, A], 8: [I, C, H, G, J, K, A, B, E, F, D], 9: [K, E, B, C, J, G, F, A, H, I, D], 10: [F, A, J, D, B, E, K, C, I, H, G], 11: [F, E, B, I, D, G, J, A, C, K, H]}"
8,18,0.3894231523717071,43,0.1262667401056865,0.4240790577562906,0.3106870576456673,3,0.1,0.45200188246772577,12,"{0: [], 1: [H, H, H, H, H, H, H, H, H, H, H, D, F], 2: [H, F, D, A, H, H, H, H, H], 3: [F, D], 4: [F, D], 5: [D], 6: [], 7: [], 8: [], 9: [], 10: [], 11: []}","{0: [], 1: [(G, H), (A, H), (E, H), (B, H), (C, H)], 2: [], 3: [], 4: [], 5: [], 6: [], 7: [], 8: [], 9: [], 10: [], 11: []}","{1: [A, B, C, D, E, F, G, H], 2: [G, A, H, D, F, E, B, C], 3: [C, F, D, A, G, E, H, B], 4: [C, F, B, D, E, G, H, A], 5: [G, B, H, A, E, F, D, C], 6: [C, H, B, E, G, D, A, F], 7: [D, E, F, H, C, B, A, G], 8: [E, H, D, F, A, G, B, C], 9: [E, B, A, D, G, F, C, H], 10: [E, B, G, H, F, D, A, C], 11: [C, G, D, B, E, F, H, A]}"
11,18,0.41506878492513344,44,0.14342304403081613,0.1028637122337997,0.20813857365051255,1,0.1,0.13684577116268848,9,"{0: [], 1: [K, K, K, K, K, K, K, K, A, D], 2: [K, K, K, K, K, K, K, K, K, K, D, K, K, A], 3: [D, A], 4: [], 5: [], 6: [D], 7: [], 8: [], 9: [A], 10: [D], 11: []}","{0: [], 1: [(B, K), (I, K), (J, K), (C, K), (H, K), (E, K), (F, K), (G, K)], 2: [(F, K)], 3: [], 4: [], 5: [], 6: [], 7: [], 8: [], 9: [], 10: [], 11: []}","{1: [A, B, C, D, E, F, G, H, I, J, K], 2: [B, K, A, I, D, J, C, H, E, F, G], 3: [K, C, E, F, D, G, J, A, B, I, H], 4: [G, H, C, I, J, D, A, E, B, F, K], 5: [K, H, I, A, B, E, C, J, F, G, D], 6: [F, J, B, G, C, K, E, I, A, D, H], 7: [D, K, H, F, E, G, C, A, B, J, I], 8: [J, B, C, A, F, D, I, K, E, G, H], 9: [H, I, B, D, K, F, J, C, E, A, G], 10: [D, A, J, H, K, B, I, F, G, E, C], 11: [B, A, K, E, G, C, J, H, I, F, D]}"
9,24,0.6207151217519382,44,0.1812615186753087,0.3377908104466887,0.16037447797367302,3,0.1,0.05781170464990926,11,"{0: [], 1: [H, I, I, I, I, I, I, I, I, I, I, I, I, I, I, I, I, B, D], 2: [D, H, B], 3: [B, D, H], 4: [H, B, D], 5: [B, D], 6: [D], 7: [B, D], 8: [], 9: [], 10: [], 11: []}","{0: [], 1: [(E, I), (A, I), (G, I), (F, I), (C, I)], 2: [], 3: [], 4: [], 5: [], 6: [], 7: [], 8: [], 9: [], 10: [], 11: []}","{1: [A, B, C, D, E, F, G, H, I], 2: [H, E, A, G, I, F, B, C, D], 3: [D, A, G, C, H, B, F, I, E], 4: [B, E, D, C, H, I, F, A, G], 5: [H, I, A, F, B, C, G, E, D], 6: [I, G, H, E, B, C, F, D, A], 7: [F, B, H, D, G, I, C, A, E], 8: [H, F, E, C, B, I, G, A, D], 9: [C, E, G, F, B, H, D, I, A], 10: [D, B, G, A, I, H, F, C, E], 11: [A, C, F, G, D, B, H, I, E]}"
6,27,0.7283270780992281,53,0.2860523483199662,0.26468033398333124,0.42737848999534045,2,0.1,0.4645748962670235,12,"{0: [], 1: [E, B, D, F, F, F, F, F, F, F, F, F, F, F, F, F, F, F, F, F, F, F, F, F, F], 2: [B, E, D], 3: [B, D], 4: [E, D], 5: [E, B, D], 6: [B, D], 7: [], 8: [E], 9: [E], 10: [B], 11: []}","{0: [], 1: [(A, F), (C, F)], 2: [], 3: [], 4: [], 5: [], 6: [], 7: [], 8: [], 9: [], 10: [], 11: []}","{1: [A, B, C, D, E, F], 2: [E, A, C, B, D, F], 3: [B, C, F, E, A, D], 4: [B, C, A, F, D, E], 5: [B, E, C, F, D, A], 6: [A, E, B, D, C, F], 7: [B, D, C, E, F, A], 8: [A, D, F, E, C, B], 9: [F, B, E, D, C, A], 10: [F, B, D, C, E, A], 11: [A, B, E, C, F, D]}"
8,20,0.5972610024566198,41,0.2848920076920808,0.11161791726320147,0.4217797562652985,1,0.1,0.33086464390588893,13,"{0: [], 1: [A, F, C, H, H, H, H, H, H, H, H, H, H, H, H, H, G], 2: [G, A, F, H, H, H, E, C], 3: [A, F, E, C, G], 4: [C, E, F, A, G], 5: [C, E, A, G], 6: [G, F, C, A], 7: [G], 8: [G], 9: [G], 10: [], 11: []}","{0: [], 1: [(B, H), (D, H), (E, H)], 2: [], 3: [], 4: [], 5: [], 6: [], 7: [], 8: [], 9: [], 10: [], 11: []}","{1: [A, B, C, D, E, F, G, H], 2: [A, B, F, C, H, D, G, E], 3: [G, A, F, B, H, D, E, C], 4: [A, F, E, B, D, H, C, G], 5: [C, B, E, F, A, D, G, H], 6: [C, F, E, B, A, G, H, D], 7: [G, F, E, H, B, C, D, A], 8: [A, B, H, E, G, D, F, C], 9: [C, B, G, A, E, H, F, D], 10: [E, D, F, H, A, G, C, B], 11: [B, C, A, F, E, D, G, H]}"
10,22,0.5291594427028699,37,0.2830408430631001,0.45384989600966197,0.21375496749108325,2,0.1,0.20550695763702947,11,"{0: [], 1: [D, H, J, J, J, J, J, J, J, J, J, J, J, J, J, I, G], 2: [I, H, D], 3: [D, I, H], 4: [I, H, D], 5: [I, H, D], 6: [I, D, H], 7: [D, H, I], 8: [H], 9: [], 10: [], 11: []}","{0: [], 1: [(B, J), (F, J), (A, J), (C, J), (E, J)], 2: [(G, J)], 3: [], 4: [], 5: [], 6: [], 7: [], 8: [], 9: [], 10: [], 11: []}","{1: [A, B, C, D, E, F, G, H, I, J], 2: [D, H, B, J, F, A, C, E, I, G], 3: [I, E, F, H, D, B, C, J, G, A], 4: [D, B, A, I, H, E, G, J, F, C], 5: [J, C, I, A, E, F, H, G, D, B], 6: [C, G, A, I, E, H, B, J, D, F], 7: [C, B, F, J, G, A, I, E, D, H], 8: [D, B, H, F, G, A, E, I, C, J], 9: [A, J, F, C, B, I, G, H, E, D], 10: [A, J, D, G, F, I, C, B, E, H], 11: [E, H, C, D, J, A, F, G, I, B]}"
8,23,0.3357758091694184,48,0.08002902933836899,0.2912259099430038,0.2747804719432212,1,0.1,0.14422002154381697,12,"{0: [], 1: [C, H, H, H, H, H, H, H, H, H, H, H, H, H, H, H, H, B], 2: [B, C], 3: [B, C], 4: [B, C], 5: [B, C], 6: [B], 7: [B], 8: [B], 9: [], 10: [], 11: []}","{0: [], 1: [(E, H), (A, H), (D, H), (G, H), (F, H)], 2: [], 3: [], 4: [], 5: [], 6: [], 7: [], 8: [], 9: [], 10: [], 11: []}","{1: [A, B, C, D, E, F, G, H], 2: [E, A, C, D, H, G, F, B], 3: [A, G, F, D, B, E, H, C], 4: [B, H, D, E, F, G, C, A], 5: [H, G, B, A, C, D, F, E], 6: [D, F, G, B, A, H, C, E], 7: [E, H, F, D, G, B, A, C], 8: [C, B, A, G, D, H, F, E], 9: [H, C, E, F, D, G, B, A], 10: [E, F, C, A, D, H, B, G], 11: [G, H, F, A, E, D, C, B]}"
11,16,0.4319866768485202,49,0.10404231803136875,0.16668263106435843,0.4797087940600283,1,0.1,0.3919849353200679,8,"{0: [], 1: [K, K, K, K, K, K], 2: [K, K, K, K, K, K, K, K, K], 3: [K, K, K], 4: []}","{0: [], 1: [(A, K), (D, K), (G, K), (C, K), (J, K), (F, K), (E, K), (H, K), (I, K), (B, K)], 2: [(F, K), (A, K), (C, K)], 3: [(F, K)], 4: []}","{1: [A, B, C, D, E, F, G, H, I, J, K], 2: [A, D, G, C, J, F, E, K, H, I, B], 3: [B, G, E, F, H, I, D, K, A, J, C], 4: [K, F, A, E, D, G, B, C, H, J, I]}"
11,20,0.5307164974162465,36,0.259438254157473,0.1624829780230449,0.4587136931502168,2,0.1,0.4770112302480756,8,"{0: [], 1: [F, D, I, K, K, K, K, K, K, K, K, K, K, E], 2: [K, I, K, K, E, K, K, K, K, K, K, K, K, F], 3: [], 4: [F], 5: [E], 6: [F], 7: [], 8: [E], 9: [], 10: [E], 11: []}","{0: [], 1: [(G, K), (H, K), (C, K), (B, K), (A, K), (J, K)], 2: [(D, K)], 3: [], 4: [], 5: [], 6: [], 7: [], 8: [], 9: [], 10: [], 11: []}","{1: [A, B, C, D, E, F, G, H, I, J, K], 2: [G, H, C, F, D, I, B, A, K, E, J], 3: [C, G, I, B, H, E, A, K, F, J, D], 4: [H, A, J, F, E, D, K, C, G, I, B], 5: [D, G, A, F, C, J, I, B, K, E, H], 6: [I, E, D, G, K, F, B, J, C, A, H], 7: [F, H, E, J, G, K, D, C, B, A, I], 8: [A, I, G, H, C, E, K, D, F, B, J], 9: [I, H, F, D, J, A, C, G, E, B, K], 10: [H, C, K, D, B, I, G, J, F, A, E], 11: [B, J, F, A, I, C, D, K, H, G, E]}"
